pair_id,case_id,asset_id,prototype,structure_image,render_image,prompt_file,generation_route,returned_model_id,attempt,started_at,finished_at
sw1-A-01,E11V2_B002,E11V2_B002,SW1-A,structures/sw1-A-01.png,renderings/sw1-A-01.png,prompts/author_prompt_v1.txt,builtin_image_gen,,1,2026-09-19T18:56:08.544239+08:00,2026-09-19T18:57:44.149140+08:00
sw1-B-01,E11V2_B014,E11V2_B014,SW1-B,structures/sw1-B-01.png,renderings/sw1-B-01.png,prompts/author_prompt_v1.txt,builtin_image_gen,,1,2026-09-19T18:59:40.833696+08:00,2026-09-19T19:02:01.865040+08:00
sw1-C-01,E11V2_B052,E11V2_B052,SW1-C,structures/sw1-C-01.png,renderings/sw1-C-01.png,prompts/author_prompt_v1.txt,builtin_image_gen,,1,2026-09-19T19:02:38.444083+08:00,2026-09-19T19:24:24.081059+08:00
sw2-A-01,E11V2_B024,E11V2_B024,SW2-A,structures/sw2-A-01.png,renderings/sw2-A-01.png,prompts/author_prompt_v1.txt,builtin_image_gen,,1,2026-09-19T19:24:39.936366+08:00,2026-09-19T19:25:20.061005+08:00
sw3-A-01,E11V2_B032,E11V2_B032,SW3-A,structures/sw3-A-01.png,renderings/sw3-A-01.png,prompts/author_prompt_v1.txt,builtin_image_gen,,1,2026-09-19T19:25:35.374487+08:00,2026-09-19T19:26:20.777200+08:00
sw3-B-01,E11V2_B043,E11V2_B043,SW3-B,structures/sw3-B-01.png,renderings/sw3-B-01.png,prompts/author_prompt_v1.txt,builtin_image_gen,,1,2026-09-19T19:26:42.509778+08:00,2026-09-19T19:27:29.368611+08:00
sw1-A-02,E10V2_A037,E10V2_A037,SW1-A,structures/sw1-A-02.png,renderings/sw1-A-02.png,prompts/author_prompt_v1.txt,builtin_image_gen,,1,2026-09-19T19:27:58.923142+08:00,2026-09-19T19:29:35.296649+08:00
sw1-B-02,E10V2_A127,E10V2_A127,SW1-B,structures/sw1-B-02.png,renderings/sw1-B-02.png,prompts/author_prompt_v1.txt,builtin_image_gen,,1,2026-09-19T19:27:59.121694+08:00,2026-09-19T19:29:35.573786+08:00
sw1-C-02,E10V2_A478,E10V2_A478,SW1-C,structures/sw1-C-02.png,renderings/sw1-C-02.png,prompts/author_prompt_v1.txt,builtin_image_gen,,1,2026-09-19T19:29:57.153242+08:00,2026-09-19T19:31:35.654436+08:00
sw2-A-02,E10V2_A199,E10V2_A199,SW2-A,structures/sw2-A-02.png,renderings/sw2-A-02.png,prompts/author_prompt_v1.txt,builtin_image_gen,,1,2026-09-19T19:29:57.360493+08:00,2026-09-19T19:31:35.930496+08:00
sw3-A-02,E10V2_A280,E10V2_A280,SW3-A,structures/sw3-A-02.png,renderings/sw3-A-02.png,prompts/author_prompt_v1.txt,builtin_image_gen,,1,2026-09-19T19:31:54.713951+08:00,2026-09-19T19:33:22.489747+08:00
sw3-B-02,E10V2_A361,E10V2_A361,SW3-B,structures/sw3-B-02.png,renderings/sw3-B-02.png,prompts/author_prompt_v1.txt,builtin_image_gen,,1,2026-09-19T19:31:54.934764+08:00,2026-09-19T19:33:22.786402+08:00
sw1-A-03,E10V2_A064,E10V2_A064,SW1-A,structures/sw1-A-03.png,renderings/sw1-A-03.png,prompts/author_prompt_v1.txt,builtin_image_gen,,1,2026-09-19T19:33:48.234966+08:00,2026-09-19T19:35:07.704004+08:00
sw1-B-03,E10V2_A136,E10V2_A136,SW1-B,structures/sw1-B-03.png,renderings/sw1-B-03.png,prompts/author_prompt_v1.txt,builtin_image_gen,,1,2026-09-19T19:33:48.454104+08:00,2026-09-19T19:35:08.007380+08:00
sw1-C-03,E10V2_A523,E10V2_A523,SW1-C,structures/sw1-C-03.png,renderings/sw1-C-03.png,prompts/author_prompt_v1.txt,builtin_image_gen,,1,2026-09-19T19:35:30.652336+08:00,2026-09-19T19:36:43.256342+08:00
sw2-A-03,E10V2_A217,E10V2_A217,SW2-A,structures/sw2-A-03.png,renderings/sw2-A-03.png,prompts/author_prompt_v1.txt,builtin_image_gen,,1,2026-09-19T19:35:30.876469+08:00,2026-09-19T19:36:43.553992+08:00
sw3-A-03,E10V2_A298,E10V2_A298,SW3-A,structures/sw3-A-03.png,renderings/sw3-A-03.png,prompts/author_prompt_v1.txt,builtin_image_gen,,1,2026-09-19T19:37:08.317210+08:00,2026-09-19T19:38:34.783857+08:00
sw3-B-03,E10V2_A370,E10V2_A370,SW3-B,structures/sw3-B-03.png,renderings/sw3-B-03.png,prompts/author_prompt_v1.txt,builtin_image_gen,,1,2026-09-19T19:37:08.547582+08:00,2026-09-19T19:38:35.104102+08:00
sw1-A-04,A037,A037,SW1-A,structures/sw1-A-04.png,renderings/sw1-A-04.png,prompts/author_prompt_v1.txt,builtin_image_gen,,1,2026-09-19T19:39:38.289592+08:00,2026-09-19T19:41:09.202623+08:00
sw1-B-04,E10V2_A145,E10V2_A145,SW1-B,structures/sw1-B-04.png,renderings/sw1-B-04.png,prompts/author_prompt_v1.txt,builtin_image_gen,,1,2026-09-19T19:39:38.525178+08:00,2026-09-19T19:41:09.522395+08:00
sw1-C-04,A469,A469,SW1-C,structures/sw1-C-04.png,renderings/sw1-C-04.png,prompts/author_prompt_v1.txt,builtin_image_gen,,1,2026-09-19T19:41:41.392858+08:00,2026-09-19T19:43:12.804379+08:00
sw2-A-04,E10V2_A226,E10V2_A226,SW2-A,structures/sw2-A-04.png,renderings/sw2-A-04.png,prompts/author_prompt_v1.txt,builtin_image_gen,,1,2026-09-19T19:41:41.639191+08:00,2026-09-19T19:43:13.123771+08:00
sw3-A-04,E10V2_A316,E10V2_A316,SW3-A,structures/sw3-A-04.png,renderings/sw3-A-04.png,prompts/author_prompt_v1.txt,builtin_image_gen,,1,2026-09-19T19:43:55.071640+08:00,2026-09-19T19:45:14.155008+08:00
sw3-B-04,E10V2_A415,E10V2_A415,SW3-B,structures/sw3-B-04.png,renderings/sw3-B-04.png,prompts/author_prompt_v1.txt,builtin_image_gen,,1,2026-09-19T19:43:55.335452+08:00,2026-09-19T19:45:14.480741+08:00
sw1-A-05,A073,A073,SW1-A,structures/sw1-A-05.png,renderings/sw1-A-05.png,prompts/author_prompt_v1.txt,builtin_image_gen,,1,2026-09-19T19:45:44.966931+08:00,2026-09-19T19:47:25.582879+08:00
sw1-B-05,E10V2_A154,E10V2_A154,SW1-B,structures/sw1-B-05.png,renderings/sw1-B-05.png,prompts/author_prompt_v1.txt,builtin_image_gen,,1,2026-09-19T19:45:45.226670+08:00,2026-09-19T19:47:25.909336+08:00
sw1-C-05,A487,A487,SW1-C,structures/sw1-C-05.png,renderings/sw1-C-05.png,prompts/author_prompt_v1.txt,builtin_image_gen,,1,2026-09-19T19:48:03.527348+08:00,2026-09-19T19:49:30.801340+08:00
sw2-A-05,E10V2_A253,E10V2_A253,SW2-A,structures/sw2-A-05.png,renderings/sw2-A-05.png,prompts/author_prompt_v1.txt,builtin_image_gen,,1,2026-09-19T19:48:03.790563+08:00,2026-09-19T19:49:31.138033+08:00
sw3-A-05,E10V2_A325,E10V2_A325,SW3-A,structures/sw3-A-05.png,renderings/sw3-A-05.png,prompts/author_prompt_v1.txt,builtin_image_gen,,1,2026-09-19T19:49:58.010405+08:00,2026-09-19T19:51:46.034801+08:00
sw3-B-05,E10V2_A424,E10V2_A424,SW3-B,structures/sw3-B-05.png,renderings/sw3-B-05.png,prompts/author_prompt_v1.txt,builtin_image_gen,,1,2026-09-19T19:49:58.281557+08:00,2026-09-19T19:51:46.412743+08:00
sw1-A-06,A047,A047,SW1-A,structures/sw1-A-06.png,renderings/sw1-A-06.png,prompts/author_prompt_v1.txt,builtin_image_gen,,1,2026-09-19T19:52:30.470616+08:00,2026-09-19T19:54:04.448388+08:00
sw1-B-06,E10V2_A163,E10V2_A163,SW1-B,structures/sw1-B-06.png,renderings/sw1-B-06.png,prompts/author_prompt_v1.txt,builtin_image_gen,,1,2026-09-19T19:52:30.750405+08:00,2026-09-19T19:54:04.813701+08:00
sw1-C-06,A496,A496,SW1-C,structures/sw1-C-06.png,renderings/sw1-C-06.png,prompts/author_prompt_v1.txt,builtin_image_gen,,1,2026-09-19T19:54:42.751677+08:00,2026-09-19T19:56:16.045242+08:00
sw2-A-06,E10V2_A262,E10V2_A262,SW2-A,structures/sw2-A-06.png,renderings/sw2-A-06.png,prompts/author_prompt_v1.txt,builtin_image_gen,,1,2026-09-19T19:54:43.062583+08:00,2026-09-19T19:56:16.412208+08:00
sw3-A-06,A280,A280,SW3-A,structures/sw3-A-06.png,renderings/sw3-A-06.png,prompts/author_prompt_v1.txt,builtin_image_gen,,1,2026-09-19T19:56:49.287110+08:00,2026-09-19T19:58:23.992902+08:00
sw3-B-06,A424,A424,SW3-B,structures/sw3-B-06.png,renderings/sw3-B-06.png,prompts/author_prompt_v1.txt,builtin_image_gen,,1,2026-09-19T19:56:49.573208+08:00,2026-09-19T19:58:24.373079+08:00
sw1-A-07,A012,A012,SW1-A,structures/sw1-A-07.png,renderings/sw1-A-07.png,prompts/author_prompt_v1.txt,builtin_image_gen,,1,2026-09-19T19:58:57.925584+08:00,2026-09-19T20:00:48.622152+08:00
sw1-B-07,A091,A091,SW1-B,structures/sw1-B-07.png,renderings/sw1-B-07.png,prompts/author_prompt_v1.txt,builtin_image_gen,,1,2026-09-19T19:58:58.208522+08:00,2026-09-19T20:00:49.000109+08:00
sw1-C-07,A523,A523,SW1-C,structures/sw1-C-07.png,renderings/sw1-C-07.png,prompts/author_prompt_v1.txt,builtin_image_gen,,1,2026-09-19T20:01:38.376070+08:00,2026-09-19T20:03:18.083402+08:00
sw2-A-07,A181,A181,SW2-A,structures/sw2-A-07.png,renderings/sw2-A-07.png,prompts/author_prompt_v1.txt,builtin_image_gen,,1,2026-09-19T20:01:38.693291+08:00,2026-09-19T20:03:18.477975+08:00
sw3-A-07,A289,A289,SW3-A,structures/sw3-A-07.png,renderings/sw3-A-07.png,prompts/author_prompt_v1.txt,builtin_image_gen,,1,2026-09-19T20:04:05.723644+08:00,2026-09-19T20:05:54.937115+08:00
sw3-B-07,A433,A433,SW3-B,structures/sw3-B-07.png,renderings/sw3-B-07.png,prompts/author_prompt_v1.txt,builtin_image_gen,,1,2026-09-19T20:04:06.044144+08:00,2026-09-19T20:05:55.349689+08:00
sw1-A-08,A057,A057,SW1-A,structures/sw1-A-08.png,renderings/sw1-A-08.png,prompts/author_prompt_v1.txt,builtin_image_gen,,1,2026-09-19T20:06:48.977303+08:00,2026-09-19T20:08:29.940100+08:00
sw1-B-08,A109,A109,SW1-B,structures/sw1-B-08.png,renderings/sw1-B-08.png,prompts/author_prompt_v1.txt,builtin_image_gen,,1,2026-09-19T20:06:49.314719+08:00,2026-09-19T20:08:30.347913+08:00
sw1-C-08,A532,A532,SW1-C,structures/sw1-C-08.png,renderings/sw1-C-08.png,prompts/author_prompt_v1.txt,builtin_image_gen,,1,2026-09-19T20:09:12.802311+08:00,2026-09-19T20:11:03.764043+08:00
sw2-A-08,A262,A262,SW2-A,structures/sw2-A-08.png,renderings/sw2-A-08.png,prompts/author_prompt_v1.txt,builtin_image_gen,,1,2026-09-19T20:09:13.137839+08:00,2026-09-19T20:11:04.183883+08:00
sw3-A-08,A298,A298,SW3-A,structures/sw3-A-08.png,renderings/sw3-A-08.png,prompts/author_prompt_v1.txt,builtin_image_gen,,1,2026-09-19T20:12:00.263582+08:00,2026-09-19T20:14:13.223844+08:00
sw3-B-08,A406,A406,SW3-B,structures/sw3-B-08.png,renderings/sw3-B-08.png,prompts/author_prompt_v1.txt,builtin_image_gen,,1,2026-09-19T20:12:00.623069+08:00,2026-09-19T20:14:13.653028+08:00
sw1-A-09,A065,A065,SW1-A,structures/sw1-A-09.png,renderings/sw1-A-09.png,prompts/author_prompt_v1.txt,builtin_image_gen,,1,2026-09-19T20:15:07.951497+08:00,2026-09-19T20:17:27.731165+08:00
sw1-B-09,A145,A145,SW1-B,structures/sw1-B-09.png,renderings/sw1-B-09.png,prompts/author_prompt_v1.txt,builtin_image_gen,,1,2026-09-19T20:15:08.293708+08:00,2026-09-19T20:17:28.168314+08:00
sw1-C-09,A506,A506,SW1-C,structures/sw1-C-09.png,renderings/sw1-C-09.png,prompts/author_prompt_v1.txt,builtin_image_gen,,1,2026-09-19T20:18:26.036517+08:00,2026-09-19T20:20:03.284202+08:00
sw2-A-09,A190,A190,SW2-A,structures/sw2-A-09.png,renderings/sw2-A-09.png,prompts/author_prompt_v1.txt,builtin_image_gen,,1,2026-09-19T20:18:26.386418+08:00,2026-09-19T20:20:03.713857+08:00
sw3-A-09,A316,A316,SW3-A,structures/sw3-A-09.png,renderings/sw3-A-09.png,prompts/author_prompt_v1.txt,builtin_image_gen,,1,2026-09-19T20:21:00.637875+08:00,2026-09-19T20:23:15.782035+08:00
sw3-B-09,E10V2_A362,E10V2_A362,SW3-B,structures/sw3-B-09.png,renderings/sw3-B-09.png,prompts/author_prompt_v1.txt,builtin_image_gen,,1,2026-09-19T20:21:00.993432+08:00,2026-09-19T20:23:16.237032+08:00
sw1-A-10,A075,A075,SW1-A,structures/sw1-A-10.png,renderings/sw1-A-10.png,prompts/author_prompt_v1.txt,builtin_image_gen,,1,2026-09-19T20:24:14.588603+08:00,2026-09-19T20:26:20.243289+08:00
sw1-B-10,A154,A154,SW1-B,structures/sw1-B-10.png,renderings/sw1-B-10.png,prompts/author_prompt_v1.txt,builtin_image_gen,,1,2026-09-19T20:24:14.956412+08:00,2026-09-19T20:26:20.678182+08:00
sw1-C-10,A452,A452,SW1-C,structures/sw1-C-10.png,renderings/sw1-C-10.png,prompts/author_prompt_v1.txt,builtin_image_gen,,1,2026-09-19T20:27:27.276886+08:00,2026-09-19T20:28:54.488680+08:00
sw2-A-10,A253,A253,SW2-A,structures/sw2-A-10.png,renderings/sw2-A-10.png,prompts/author_prompt_v1.txt,builtin_image_gen,,1,2026-09-19T20:27:27.629584+08:00,2026-09-19T20:28:55.031987+08:00
sw3-A-10,A352,A352,SW3-A,structures/sw3-A-10.png,renderings/sw3-A-10.png,prompts/author_prompt_v1.txt,builtin_image_gen,,1,2026-09-19T20:29:52.208121+08:00,2026-09-19T20:31:58.212568+08:00
sw3-B-10,E10V2_A371,E10V2_A371,SW3-B,structures/sw3-B-10.png,renderings/sw3-B-10.png,prompts/author_prompt_v1.txt,builtin_image_gen,,1,2026-09-19T20:29:52.573592+08:00,2026-09-19T20:31:58.667634+08:00
sw1-A-11,A083,A083,SW1-A,structures/sw1-A-11.png,renderings/sw1-A-11.png,prompts/author_prompt_v1.txt,builtin_image_gen,,1,2026-09-19T20:32:56.771953+08:00,2026-09-19T20:35:14.669965+08:00
sw1-B-11,A163,A163,SW1-B,structures/sw1-B-11.png,renderings/sw1-B-11.png,prompts/author_prompt_v1.txt,builtin_image_gen,,1,2026-09-19T20:32:57.157305+08:00,2026-09-19T20:35:15.167550+08:00
sw1-C-11,A479,A479,SW1-C,structures/sw1-C-11.png,renderings/sw1-C-11.png,prompts/author_prompt_v1.txt,builtin_image_gen,,1,2026-09-19T20:36:24.146386+08:00,2026-09-19T20:38:11.832237+08:00
sw2-A-11,A254,A254,SW2-A,structures/sw2-A-11.png,renderings/sw2-A-11.png,prompts/author_prompt_v1.txt,builtin_image_gen,,1,2026-09-19T20:36:24.525019+08:00,2026-09-19T20:38:12.333219+08:00
sw3-A-11,A326,A326,SW3-A,structures/sw3-A-11.png,renderings/sw3-A-11.png,prompts/author_prompt_v1.txt,builtin_image_gen,,1,2026-09-19T20:39:11.405724+08:00,2026-09-19T20:41:01.969569+08:00
sw3-B-11,E10V2_A398,E10V2_A398,SW3-B,structures/sw3-B-11.png,renderings/sw3-B-11.png,prompts/author_prompt_v1.txt,builtin_image_gen,,1,2026-09-19T20:39:11.794565+08:00,2026-09-19T20:41:02.467335+08:00
sw1-A-12,E10V2_A002,E10V2_A002,SW1-A,structures/sw1-A-12.png,renderings/sw1-A-12.png,prompts/author_prompt_v1.txt,builtin_image_gen,,1,2026-09-19T20:41:51.421733+08:00,2026-09-19T20:44:02.344638+08:00
sw1-B-12,A146,A146,SW1-B,structures/sw1-B-12.png,renderings/sw1-B-12.png,prompts/author_prompt_v1.txt,builtin_image_gen,,1,2026-09-19T20:41:51.810947+08:00,2026-09-19T20:44:02.870487+08:00
sw1-C-12,A533,A533,SW1-C,structures/sw1-C-12.png,renderings/sw1-C-12.png,prompts/author_prompt_v1.txt,builtin_image_gen,,1,2026-09-19T20:44:57.010035+08:00,2026-09-19T20:47:14.315984+08:00
sw2-A-12,A199,A199,SW2-A,structures/sw2-A-12.png,renderings/sw2-A-12.png,prompts/author_prompt_v1.txt,builtin_image_gen,,1,2026-09-19T20:44:57.435595+08:00,2026-09-19T20:47:14.828703+08:00
sw3-A-12,A335,A335,SW3-A,structures/sw3-A-12.png,renderings/sw3-A-12.png,prompts/author_prompt_v1.txt,builtin_image_gen,,1,2026-09-19T20:48:03.036312+08:00,2026-09-19T20:50:07.453236+08:00
sw3-B-12,E10V2_A407,E10V2_A407,SW3-B,structures/sw3-B-12.png,renderings/sw3-B-12.png,prompts/author_prompt_v1.txt,builtin_image_gen,,1,2026-09-19T20:48:03.461642+08:00,2026-09-19T20:50:07.979355+08:00
sw1-A-13,E10V2_A038,E10V2_A038,SW1-A,structures/sw1-A-13.png,renderings/sw1-A-13.png,prompts/author_prompt_v1.txt,builtin_image_gen,,1,2026-09-19T20:51:27.924349+08:00,2026-09-19T20:53:36.162096+08:00
sw1-B-13,A155,A155,SW1-B,structures/sw1-B-13.png,renderings/sw1-B-13.png,prompts/author_prompt_v1.txt,builtin_image_gen,,1,2026-09-19T20:51:28.330563+08:00,2026-09-19T20:53:36.682332+08:00
sw1-C-13,A507,A507,SW1-C,structures/sw1-C-13.png,renderings/sw1-C-13.png,prompts/author_prompt_v1.txt,builtin_image_gen,,1,2026-09-19T20:54:49.653536+08:00,2026-09-19T20:56:34.544140+08:00
sw2-A-13,A217,A217,SW2-A,structures/sw2-A-13.png,renderings/sw2-A-13.png,prompts/author_prompt_v1.txt,builtin_image_gen,,1,2026-09-19T20:54:50.099241+08:00,2026-09-19T20:56:35.105002+08:00
sw3-A-13,A343,A343,SW3-A,structures/sw3-A-13.png,renderings/sw3-A-13.png,prompts/author_prompt_v1.txt,builtin_image_gen,,1,2026-09-19T20:58:11.031706+08:00,2026-09-19T21:01:55.173300+08:00
sw3-B-13,E10V2_A425,E10V2_A425,SW3-B,structures/sw3-B-13.png,renderings/sw3-B-13.png,prompts/author_prompt_v1.txt,builtin_image_gen,,1,2026-09-19T20:58:11.474861+08:00,2026-09-19T21:01:55.700324+08:00
sw1-A-14,E10V2_A056,E10V2_A056,SW1-A,structures/sw1-A-14.png,renderings/sw1-A-14.png,prompts/author_prompt_v1.txt,builtin_image_gen,,1,2026-09-19T21:03:29.174233+08:00,2026-09-19T21:05:43.461293+08:00
sw1-B-14,A128,A128,SW1-B,structures/sw1-B-14.png,renderings/sw1-B-14.png,prompts/author_prompt_v1.txt,builtin_image_gen,,1,2026-09-19T21:03:29.633326+08:00,2026-09-19T21:05:44.021025+08:00
sw1-C-14,A516,A516,SW1-C,structures/sw1-C-14.png,renderings/sw1-C-14.png,prompts/author_prompt_v1.txt,builtin_image_gen,,1,2026-09-19T21:06:54.805546+08:00,2026-09-19T21:13:00.400598+08:00
sw2-A-14,A208,A208,SW2-A,structures/sw2-A-14.png,renderings/sw2-A-14.png,prompts/author_prompt_v1.txt,builtin_image_gen,,1,2026-09-19T21:06:55.276636+08:00,2026-09-19T21:13:00.485209+08:00
sw3-A-14,A291,A291,SW3-A,structures/sw3-A-14.png,renderings/sw3-A-14.png,prompts/author_prompt_v1.txt,builtin_image_gen,,1,2026-09-19T21:13:58.288835+08:00,2026-09-19T21:15:28.204248+08:00
sw3-B-14,E10V2_A434,E10V2_A434,SW3-B,structures/sw3-B-14.png,renderings/sw3-B-14.png,prompts/author_prompt_v1.txt,builtin_image_gen,,1,2026-09-19T21:13:58.729095+08:00,2026-09-19T21:15:28.290862+08:00
sw1-A-15,E10V2_A065,E10V2_A065,SW1-A,structures/sw1-A-15.png,renderings/sw1-A-15.png,prompts/author_prompt_v1.txt,builtin_image_gen,,1,2026-09-19T21:16:14.258510+08:00,2026-09-19T21:17:29.754460+08:00
sw1-B-15,A137,A137,SW1-B,structures/sw1-B-15.png,renderings/sw1-B-15.png,prompts/author_prompt_v1.txt,builtin_image_gen,,1,2026-09-19T21:16:14.714925+08:00,2026-09-19T21:17:29.831458+08:00
sw1-C-15,A525,A525,SW1-C,structures/sw1-C-15.png,renderings/sw1-C-15.png,prompts/author_prompt_v1.txt,builtin_image_gen,,1,2026-09-19T21:18:15.477115+08:00,2026-09-19T21:19:41.905060+08:00
sw2-A-15,A219,A219,SW2-A,structures/sw2-A-15.png,renderings/sw2-A-15.png,prompts/author_prompt_v1.txt,builtin_image_gen,,1,2026-09-19T21:18:15.967852+08:00,2026-09-19T21:19:41.995085+08:00
sw3-A-15,A300,A300,SW3-A,structures/sw3-A-15.png,renderings/sw3-A-15.png,prompts/author_prompt_v1.txt,builtin_image_gen,,1,2026-09-19T21:20:03.655036+08:00,2026-09-19T21:21:42.840814+08:00
sw3-B-15,E11V2_B044,E11V2_B044,SW3-B,structures/sw3-B-15.png,renderings/sw3-B-15.png,prompts/author_prompt_v1.txt,builtin_image_gen,,1,2026-09-19T21:20:04.151462+08:00,2026-09-19T21:21:42.931739+08:00
sw1-A-16,E10V2_A083,E10V2_A083,SW1-A,structures/sw1-A-16.png,renderings/sw1-A-16.png,prompts/author_prompt_v1.txt,builtin_image_gen,,1,2026-09-19T21:22:08.323691+08:00,2026-09-19T21:23:49.169017+08:00
sw1-B-16,E10V2_A137,E10V2_A137,SW1-B,structures/sw1-B-16.png,renderings/sw1-B-16.png,prompts/author_prompt_v1.txt,builtin_image_gen,,1,2026-09-19T21:22:08.820431+08:00,2026-09-19T21:23:49.266045+08:00
sw1-C-16,E10V2_A452,E10V2_A452,SW1-C,structures/sw1-C-16.png,renderings/sw1-C-16.png,prompts/author_prompt_v1.txt,builtin_image_gen,,1,2026-09-19T21:24:12.227275+08:00,2026-09-19T21:25:54.010351+08:00
sw2-A-16,A227,A227,SW2-A,structures/sw2-A-16.png,renderings/sw2-A-16.png,prompts/author_prompt_v1.txt,builtin_image_gen,,1,2026-09-19T21:24:12.729206+08:00,2026-09-19T21:25:54.098349+08:00
sw3-A-16,E10V2_A299,E10V2_A299,SW3-A,structures/sw3-A-16.png,renderings/sw3-A-16.png,prompts/author_prompt_v1.txt,builtin_image_gen,,1,2026-09-19T21:26:17.989042+08:00,2026-09-19T21:27:40.332125+08:00
sw3-B-16,A361,A361,SW3-B,structures/sw3-B-16.png,renderings/sw3-B-16.png,prompts/author_prompt_v1.txt,builtin_image_gen,,1,2026-09-19T21:26:18.481972+08:00,2026-09-19T21:27:40.427668+08:00
sw1-A-17,E11V2_B009,E11V2_B009,SW1-A,structures/sw1-A-17.png,renderings/sw1-A-17.png,prompts/author_prompt_v1.txt,builtin_image_gen,,1,2026-09-19T21:28:17.358941+08:00,2026-09-19T21:29:48.568903+08:00
sw1-B-17,E10V2_A155,E10V2_A155,SW1-B,structures/sw1-B-17.png,renderings/sw1-B-17.png,prompts/author_prompt_v1.txt,builtin_image_gen,,1,2026-09-19T21:28:17.890256+08:00,2026-09-19T21:29:48.666912+08:00
sw1-C-17,E10V2_A488,E10V2_A488,SW1-C,structures/sw1-C-17.png,renderings/sw1-C-17.png,prompts/author_prompt_v1.txt,builtin_image_gen,,1,2026-09-19T21:30:14.959293+08:00,2026-09-19T21:31:48.339059+08:00
sw2-A-17,A218,A218,SW2-A,structures/sw2-A-17.png,renderings/sw2-A-17.png,prompts/author_prompt_v1.txt,builtin_image_gen,,1,2026-09-19T21:30:15.471567+08:00,2026-09-19T21:31:48.440262+08:00
sw3-A-17,E10V2_A308,E10V2_A308,SW3-A,structures/sw3-A-17.png,renderings/sw3-A-17.png,prompts/author_prompt_v1.txt,builtin_image_gen,,1,2026-09-19T21:32:16.704219+08:00,2026-09-19T21:33:33.805523+08:00
sw3-B-17,A371,A371,SW3-B,structures/sw3-B-17.png,renderings/sw3-B-17.png,prompts/author_prompt_v1.txt,builtin_image_gen,,1,2026-09-19T21:32:17.219927+08:00,2026-09-19T21:33:33.910532+08:00
sw1-A-18,A002,A002,SW1-A,structures/sw1-A-18.png,renderings/sw1-A-18.png,prompts/author_prompt_v1.txt,builtin_image_gen,,1,2026-09-19T21:33:58.068866+08:00,2026-09-19T21:35:32.575967+08:00
sw1-B-18,E10V2_A173,E10V2_A173,SW1-B,structures/sw1-B-18.png,renderings/sw1-B-18.png,prompts/author_prompt_v1.txt,builtin_image_gen,,1,2026-09-19T21:33:58.612265+08:00,2026-09-19T21:35:32.680481+08:00
sw1-C-18,E10V2_A497,E10V2_A497,SW1-C,structures/sw1-C-18.png,renderings/sw1-C-18.png,prompts/author_prompt_v1.txt,builtin_image_gen,,1,2026-09-19T21:36:05.669702+08:00,2026-09-19T21:37:40.800355+08:00
sw2-A-18,A210,A210,SW2-A,structures/sw2-A-18.png,renderings/sw2-A-18.png,prompts/author_prompt_v1.txt,builtin_image_gen,,1,2026-09-19T21:36:06.209068+08:00,2026-09-19T21:37:40.903359+08:00
sw3-A-18,E10V2_A317,E10V2_A317,SW3-A,structures/sw3-A-18.png,renderings/sw3-A-18.png,prompts/author_prompt_v1.txt,builtin_image_gen,,1,2026-09-19T21:38:10.981411+08:00,2026-09-19T21:39:46.007187+08:00
sw3-B-18,A426,A426,SW3-B,structures/sw3-B-18.png,renderings/sw3-B-18.png,prompts/author_prompt_v1.txt,builtin_image_gen,,1,2026-09-19T21:38:11.530250+08:00,2026-09-19T21:39:46.124552+08:00
sw1-A-19,A003,A003,SW1-A,structures/sw1-A-19.png,renderings/sw1-A-19.png,prompts/author_prompt_v1.txt,builtin_image_gen,,1,2026-09-19T21:40:25.104868+08:00,2026-09-19T21:42:11.156327+08:00
sw1-B-19,E11V2_B019,E11V2_B019,SW1-B,structures/sw1-B-19.png,renderings/sw1-B-19.png,prompts/author_prompt_v1.txt,builtin_image_gen,,1,2026-09-19T21:40:25.681465+08:00,2026-09-19T21:42:11.252333+08:00
sw1-C-19,E11V2_B055,E11V2_B055,SW1-C,structures/sw1-C-19.png,renderings/sw1-C-19.png,prompts/author_prompt_v1.txt,builtin_image_gen,,1,2026-09-19T21:42:48.485862+08:00,2026-09-19T21:44:23.733685+08:00
sw2-A-19,A237,A237,SW2-A,structures/sw2-A-19.png,renderings/sw2-A-19.png,prompts/author_prompt_v1.txt,builtin_image_gen,,1,2026-09-19T21:42:49.050156+08:00,2026-09-19T21:44:23.854707+08:00
sw3-A-19,E10V2_A326,E10V2_A326,SW3-A,structures/sw3-A-19.png,renderings/sw3-A-19.png,prompts/author_prompt_v1.txt,builtin_image_gen,,1,2026-09-19T21:45:00.132103+08:00,2026-09-19T21:46:32.054827+08:00
sw3-B-19,A435,A435,SW3-B,structures/sw3-B-19.png,renderings/sw3-B-19.png,prompts/author_prompt_v1.txt,builtin_image_gen,,1,2026-09-19T21:45:00.695922+08:00,2026-09-19T21:46:32.183356+08:00
sw1-A-20,A030,A030,SW1-A,structures/sw1-A-20.png,renderings/sw1-A-20.png,prompts/author_prompt_v1.txt,builtin_image_gen,,1,2026-09-19T21:47:01.789167+08:00,2026-09-19T21:48:42.777039+08:00
sw1-B-20,A120,A120,SW1-B,structures/sw1-B-20.png,renderings/sw1-B-20.png,prompts/author_prompt_v1.txt,builtin_image_gen,,1,2026-09-19T21:47:02.374828+08:00,2026-09-19T21:48:42.906039+08:00
sw1-C-20,E11V2_B057,E11V2_B057,SW1-C,structures/sw1-C-20.png,renderings/sw1-C-20.png,prompts/author_prompt_v1.txt,builtin_image_gen,,1,2026-09-19T21:49:15.655347+08:00,2026-09-19T21:50:46.401033+08:00
sw2-A-20,A264,A264,SW2-A,structures/sw2-A-20.png,renderings/sw2-A-20.png,prompts/author_prompt_v1.txt,builtin_image_gen,,1,2026-09-19T21:49:16.252925+08:00,2026-09-19T21:50:46.534669+08:00
sw3-A-20,E10V2_A344,E10V2_A344,SW3-A,structures/sw3-A-20.png,renderings/sw3-A-20.png,prompts/author_prompt_v1.txt,builtin_image_gen,,1,2026-09-19T21:51:26.885523+08:00,2026-09-19T21:53:05.646577+08:00
sw3-B-20,A390,A390,SW3-B,structures/sw3-B-20.png,renderings/sw3-B-20.png,prompts/author_prompt_v1.txt,builtin_image_gen,,1,2026-09-19T21:51:27.475935+08:00,2026-09-19T21:53:05.768576+08:00
sw1-A-21,A029,A029,SW1-A,structures/sw1-A-21.png,renderings/sw1-A-21.png,prompts/author_prompt_v1.txt,builtin_image_gen,,1,2026-09-19T21:53:50.962118+08:00,2026-09-19T21:55:36.845336+08:00
sw1-B-21,A138,A138,SW1-B,structures/sw1-B-21.png,renderings/sw1-B-21.png,prompts/author_prompt_v1.txt,builtin_image_gen,,1,2026-09-19T21:53:51.569297+08:00,2026-09-19T21:55:36.980362+08:00
sw1-C-21,A453,A453,SW1-C,structures/sw1-C-21.png,renderings/sw1-C-21.png,prompts/author_prompt_v1.txt,builtin_image_gen,,1,2026-09-19T21:56:14.191911+08:00,2026-09-19T21:58:00.138306+08:00
sw2-A-21,E10V2_A218,E10V2_A218,SW2-A,structures/sw2-A-21.png,renderings/sw2-A-21.png,prompts/author_prompt_v1.txt,builtin_image_gen,,1,2026-09-19T21:56:14.807308+08:00,2026-09-19T21:58:00.267490+08:00
sw3-A-21,E11V2_B033,E11V2_B033,SW3-A,structures/sw3-A-21.png,renderings/sw3-A-21.png,prompts/author_prompt_v1.txt,builtin_image_gen,,1,2026-09-19T21:58:51.348936+08:00,2026-09-19T22:00:44.604871+08:00
sw3-B-21,A381,A381,SW3-B,structures/sw3-B-21.png,renderings/sw3-B-21.png,prompts/author_prompt_v1.txt,builtin_image_gen,,1,2026-09-19T21:58:51.967946+08:00,2026-09-19T22:00:44.753550+08:00
sw1-A-22,A038,A038,SW1-A,structures/sw1-A-22.png,renderings/sw1-A-22.png,prompts/author_prompt_v1.txt,builtin_image_gen,,1,2026-09-19T22:01:40.271591+08:00,2026-09-19T22:03:32.156372+08:00
sw1-B-22,A164,A164,SW1-B,structures/sw1-B-22.png,renderings/sw1-B-22.png,prompts/author_prompt_v1.txt,builtin_image_gen,,1,2026-09-19T22:01:40.889863+08:00,2026-09-19T22:03:32.308053+08:00
sw1-C-22,A470,A470,SW1-C,structures/sw1-C-22.png,renderings/sw1-C-22.png,prompts/author_prompt_v1.txt,builtin_image_gen,,1,2026-09-19T22:04:09.435432+08:00,2026-09-19T22:06:00.228642+08:00
sw2-A-22,E10V2_A227,E10V2_A227,SW2-A,structures/sw2-A-22.png,renderings/sw2-A-22.png,prompts/author_prompt_v1.txt,builtin_image_gen,,1,2026-09-19T22:04:10.066104+08:00,2026-09-19T22:06:00.376252+08:00
sw3-A-22,E11V2_B036,E11V2_B036,SW3-A,structures/sw3-A-22.png,renderings/sw3-A-22.png,prompts/author_prompt_v1.txt,builtin_image_gen,,1,2026-09-19T22:06:52.234807+08:00,2026-09-19T22:08:53.772781+08:00
sw3-B-22,A408,A408,SW3-B,structures/sw3-B-22.png,renderings/sw3-B-22.png,prompts/author_prompt_v1.txt,builtin_image_gen,,1,2026-09-19T22:06:52.882827+08:00,2026-09-19T22:08:53.924782+08:00
sw1-A-23,E10V2_A003,E10V2_A003,SW1-A,structures/sw1-A-23.png,renderings/sw1-A-23.png,prompts/author_prompt_v1.txt,builtin_image_gen,,1,2026-09-19T22:09:44.495718+08:00,2026-09-19T22:11:47.424043+08:00
sw1-B-23,A093,A093,SW1-B,structures/sw1-B-23.png,renderings/sw1-B-23.png,prompts/author_prompt_v1.txt,builtin_image_gen,,1,2026-09-19T22:09:45.123921+08:00,2026-09-19T22:11:47.577906+08:00
sw1-C-23,A498,A498,SW1-C,structures/sw1-C-23.png,renderings/sw1-C-23.png,prompts/author_prompt_v1.txt,builtin_image_gen,,1,2026-09-19T22:12:47.239877+08:00,2026-09-19T22:15:12.397646+08:00
sw2-A-23,E10V2_A254,E10V2_A254,SW2-A,structures/sw2-A-23.png,renderings/sw2-A-23.png,prompts/author_prompt_v1.txt,builtin_image_gen,,1,2026-09-19T22:12:47.895636+08:00,2026-09-19T22:15:12.545665+08:00
sw3-A-23,E11V2_B037,E11V2_B037,SW3-A,structures/sw3-A-23.png,renderings/sw3-A-23.png,prompts/author_prompt_v1.txt,builtin_image_gen,,1,2026-09-19T22:16:08.237044+08:00,2026-09-19T22:19:33.958630+08:00
sw3-B-23,A399,A399,SW3-B,structures/sw3-B-23.png,renderings/sw3-B-23.png,prompts/author_prompt_v1.txt,builtin_image_gen,,1,2026-09-19T22:16:08.867060+08:00,2026-09-19T22:19:34.109127+08:00
sw1-A-24,E10V2_A012,E10V2_A012,SW1-A,structures/sw1-A-24.png,renderings/sw1-A-24.png,prompts/author_prompt_v1.txt,builtin_image_gen,,1,2026-09-19T22:20:29.704298+08:00,2026-09-19T22:22:53.584985+08:00
sw1-B-24,E10V2_A102,E10V2_A102,SW1-B,structures/sw1-B-24.png,renderings/sw1-B-24.png,prompts/author_prompt_v1.txt,builtin_image_gen,,1,2026-09-19T22:20:30.364751+08:00,2026-09-19T22:22:53.745140+08:00
sw1-C-24,A534,A534,SW1-C,structures/sw1-C-24.png,renderings/sw1-C-24.png,prompts/author_prompt_v1.txt,builtin_image_gen,,1,2026-09-19T22:23:50.479727+08:00,2026-09-19T22:27:02.779014+08:00
sw2-A-24,E10V2_A192,E10V2_A192,SW2-A,structures/sw2-A-24.png,renderings/sw2-A-24.png,prompts/author_prompt_v1.txt,builtin_image_gen,,1,2026-09-19T22:23:51.173425+08:00,2026-09-19T22:26:02.419089+08:00
sw3-A-24,A318,A318,SW3-A,structures/sw3-A-24.png,renderings/sw3-A-24.png,prompts/author_prompt_v1.txt,builtin_image_gen,,1,2026-09-19T22:28:39.639479+08:00,2026-09-19T22:30:42.345119+08:00
sw3-B-24,A444,A444,SW3-B,structures/sw3-B-24.png,renderings/sw3-B-24.png,prompts/author_prompt_v1.txt,builtin_image_gen,,1,2026-09-19T22:28:40.362742+08:00,2026-09-19T22:30:42.518544+08:00
sw1-A-25,E10V2_A030,E10V2_A030,SW1-A,structures/sw1-A-25.png,renderings/sw1-A-25.png,prompts/author_prompt_v1.txt,builtin_image_gen,,1,2026-09-19T22:31:45.214029+08:00,2026-09-19T22:34:13.435556+08:00
sw1-B-25,E10V2_A111,E10V2_A111,SW1-B,structures/sw1-B-25.png,renderings/sw1-B-25.png,prompts/author_prompt_v1.txt,builtin_image_gen,,1,2026-09-19T22:31:45.901191+08:00,2026-09-19T22:34:13.613024+08:00
sw1-C-25,A488,A488,SW1-C,structures/sw1-C-25.png,renderings/sw1-C-25.png,prompts/author_prompt_v1.txt,builtin_image_gen,,1,2026-09-19T22:35:15.234524+08:00,2026-09-19T22:38:44.334855+08:00
sw2-A-25,E10V2_A201,E10V2_A201,SW2-A,structures/sw2-A-25.png,renderings/sw2-A-25.png,prompts/author_prompt_v1.txt,builtin_image_gen,,1,2026-09-19T22:35:15.933158+08:00,2026-09-19T22:37:35.582432+08:00
sw3-A-25,E10V2_A282,E10V2_A282,SW3-A,structures/sw3-A-25.png,renderings/sw3-A-25.png,prompts/author_prompt_v1.txt,builtin_image_gen,,1,2026-09-19T22:40:51.895148+08:00,2026-09-19T22:43:17.639742+08:00
sw3-B-25,E10V2_A399,E10V2_A399,SW3-B,structures/sw3-B-25.png,renderings/sw3-B-25.png,prompts/author_prompt_v1.txt,builtin_image_gen,,1,2026-09-19T22:40:52.591920+08:00,2026-09-19T22:43:17.823533+08:00
sw1-A-26,E10V2_A039,E10V2_A039,SW1-A,structures/sw1-A-26.png,renderings/sw1-A-26.png,prompts/author_prompt_v1.txt,builtin_image_gen,,1,2026-09-19T22:45:00.357411+08:00,2026-09-19T22:47:34.146327+08:00
sw1-B-26,E10V2_A129,E10V2_A129,SW1-B,structures/sw1-B-26.png,renderings/sw1-B-26.png,prompts/author_prompt_v1.txt,builtin_image_gen,,1,2026-09-19T22:45:01.051845+08:00,2026-09-19T22:47:34.317317+08:00
sw1-C-26,E10V2_A480,E10V2_A480,SW1-C,structures/sw1-C-26.png,renderings/sw1-C-26.png,prompts/author_prompt_v1.txt,builtin_image_gen,,1,2026-09-19T22:49:42.662848+08:00,2026-09-19T22:52:13.314175+08:00
sw2-A-26,E10V2_A219,E10V2_A219,SW2-A,structures/sw2-A-26.png,renderings/sw2-A-26.png,prompts/author_prompt_v1.txt,builtin_image_gen,,1,2026-09-19T22:49:43.365501+08:00,2026-09-19T22:52:13.484744+08:00
sw3-A-26,E10V2_A291,E10V2_A291,SW3-A,structures/sw3-A-26.png,renderings/sw3-A-26.png,prompts/author_prompt_v1.txt,builtin_image_gen,,1,2026-09-19T22:54:26.309745+08:00,2026-09-19T22:57:02.027644+08:00
sw3-B-26,E10V2_A426,E10V2_A426,SW3-B,structures/sw3-B-26.png,renderings/sw3-B-26.png,prompts/author_prompt_v1.txt,builtin_image_gen,,1,2026-09-19T22:54:27.023532+08:00,2026-09-19T22:57:02.189003+08:00
sw1-A-27,E10V2_A048,E10V2_A048,SW1-A,structures/sw1-A-27.png,renderings/sw1-A-27.png,prompts/author_prompt_v1.txt,builtin_image_gen,,1,2026-09-19T22:59:12.427768+08:00,2026-09-19T23:02:04.183250+08:00
sw1-B-27,E10V2_A138,E10V2_A138,SW1-B,structures/sw1-B-27.png,renderings/sw1-B-27.png,prompts/author_prompt_v1.txt,builtin_image_gen,,1,2026-09-19T22:59:13.335411+08:00,2026-09-19T23:02:04.362938+08:00
sw1-C-27,E10V2_A516,E10V2_A516,SW1-C,structures/sw1-C-27.png,renderings/sw1-C-27.png,prompts/author_prompt_v1.txt,builtin_image_gen,,1,2026-09-19T23:04:34.308009+08:00,2026-09-19T23:06:53.607119+08:00
sw2-A-27,E10V2_A255,E10V2_A255,SW2-A,structures/sw2-A-27.png,renderings/sw2-A-27.png,prompts/author_prompt_v1.txt,builtin_image_gen,,1,2026-09-19T23:04:35.059755+08:00,2026-09-19T23:06:53.788388+08:00
sw3-A-27,E10V2_A300,E10V2_A300,SW3-A,structures/sw3-A-27.png,renderings/sw3-A-27.png,prompts/author_prompt_v1.txt,builtin_image_gen,,1,2026-09-19T23:09:16.100230+08:00,2026-09-19T23:11:44.143175+08:00
sw3-B-27,E10V2_A435,E10V2_A435,SW3-B,structures/sw3-B-27.png,renderings/sw3-B-27.png,prompts/author_prompt_v1.txt,builtin_image_gen,,1,2026-09-19T23:09:16.826208+08:00,2026-09-19T23:11:44.335624+08:00
sw1-A-28,E10V2_A084,E10V2_A084,SW1-A,structures/sw1-A-28.png,renderings/sw1-A-28.png,prompts/author_prompt_v1.txt,builtin_image_gen,,1,2026-09-19T23:14:13.285505+08:00,2026-09-19T23:17:08.369701+08:00
sw1-B-28,E10V2_A156,E10V2_A156,SW1-B,structures/sw1-B-28.png,renderings/sw1-B-28.png,prompts/author_prompt_v1.txt,builtin_image_gen,,1,2026-09-19T23:14:14.042966+08:00,2026-09-19T23:17:08.567026+08:00
sw1-C-28,E10V2_A534,E10V2_A534,SW1-C,structures/sw1-C-28.png,renderings/sw1-C-28.png,prompts/author_prompt_v1.txt,builtin_image_gen,,1,2026-09-19T23:19:37.844182+08:00,2026-09-19T23:22:32.579466+08:00
sw2-A-28,E10V2_A184,E10V2_A184,SW2-A,structures/sw2-A-28.png,renderings/sw2-A-28.png,prompts/author_prompt_v1.txt,builtin_image_gen,,1,2026-09-19T23:19:38.566019+08:00,2026-09-19T23:22:32.792876+08:00
sw3-A-28,E10V2_A318,E10V2_A318,SW3-A,structures/sw3-A-28.png,renderings/sw3-A-28.png,prompts/author_prompt_v1.txt,builtin_image_gen,,1,2026-09-19T23:26:50.619875+08:00,2026-09-19T23:28:27.736745+08:00
sw3-B-28,E10V2_A444,E10V2_A444,SW3-B,structures/sw3-B-28.png,renderings/sw3-B-28.png,prompts/author_prompt_v1.txt,builtin_image_gen,,1,2026-09-19T23:26:51.392704+08:00,2026-09-19T23:28:27.926899+08:00
sw1-A-29,E10V2_A004,E10V2_A004,SW1-A,structures/sw1-A-29.png,renderings/sw1-A-29.png,prompts/author_prompt_v1.txt,builtin_image_gen,,1,2026-09-19T23:29:01.628561+08:00,2026-09-19T23:30:36.208841+08:00
sw1-B-29,E10V2_A112,E10V2_A112,SW1-B,structures/sw1-B-29.png,renderings/sw1-B-29.png,prompts/author_prompt_v1.txt,builtin_image_gen,,1,2026-09-19T23:29:02.379388+08:00,2026-09-19T23:30:36.396273+08:00
sw1-C-29,E10V2_A454,E10V2_A454,SW1-C,structures/sw1-C-29.png,renderings/sw1-C-29.png,prompts/author_prompt_v1.txt,builtin_image_gen,,1,2026-09-19T23:31:09.080866+08:00,2026-09-19T23:32:30.590279+08:00
sw2-A-29,E10V2_A247,E10V2_A247,SW2-A,structures/sw2-A-29.png,renderings/sw2-A-29.png,prompts/author_prompt_v1.txt,builtin_image_gen,,1,2026-09-19T23:31:09.870548+08:00,2026-09-19T23:32:30.797678+08:00
sw3-A-29,E10V2_A301,E10V2_A301,SW3-A,structures/sw3-A-29.png,renderings/sw3-A-29.png,prompts/author_prompt_v1.txt,builtin_image_gen,,1,2026-09-19T23:32:59.431346+08:00,2026-09-19T23:34:26.637623+08:00
sw3-B-29,E10V2_A373,E10V2_A373,SW3-B,structures/sw3-B-29.png,renderings/sw3-B-29.png,prompts/author_prompt_v1.txt,builtin_image_gen,,1,2026-09-19T23:33:00.212859+08:00,2026-09-19T23:34:26.851513+08:00
sw1-A-30,E10V2_A013,E10V2_A013,SW1-A,structures/sw1-A-30.png,renderings/sw1-A-30.png,prompts/author_prompt_v1.txt,builtin_image_gen,,1,2026-09-19T23:35:12.003886+08:00,2026-09-19T23:36:29.083545+08:00
sw1-B-30,E10V2_A148,E10V2_A148,SW1-B,structures/sw1-B-30.png,renderings/sw1-B-30.png,prompts/author_prompt_v1.txt,builtin_image_gen,,1,2026-09-19T23:35:12.809652+08:00,2026-09-19T23:36:29.258611+08:00
sw1-C-30,E10V2_A472,E10V2_A472,SW1-C,structures/sw1-C-30.png,renderings/sw1-C-30.png,prompts/author_prompt_v1.txt,builtin_image_gen,,1,2026-09-19T23:37:04.000829+08:00,2026-09-19T23:38:50.484101+08:00
sw2-A-30,A256,A256,SW2-A,structures/sw2-A-30.png,renderings/sw2-A-30.png,prompts/author_prompt_v1.txt,builtin_image_gen,,1,2026-09-19T23:37:04.803098+08:00,2026-09-19T23:38:50.688039+08:00
sw3-A-30,E10V2_A310,E10V2_A310,SW3-A,structures/sw3-A-30.png,renderings/sw3-A-30.png,prompts/author_prompt_v1.txt,builtin_image_gen,,1,2026-09-19T23:39:39.020613+08:00,2026-09-19T23:41:04.521382+08:00
sw3-B-30,E10V2_A400,E10V2_A400,SW3-B,structures/sw3-B-30.png,renderings/sw3-B-30.png,prompts/author_prompt_v1.txt,builtin_image_gen,,1,2026-09-19T23:39:39.846962+08:00,2026-09-19T23:41:04.732919+08:00
sw1-A-31,E10V2_A040,E10V2_A040,SW1-A,structures/sw1-A-31.png,renderings/sw1-A-31.png,prompts/author_prompt_v1.txt,builtin_image_gen,,1,2026-09-19T23:41:41.088719+08:00,2026-09-19T23:43:02.641902+08:00
sw1-B-31,E10V2_A157,E10V2_A157,SW1-B,structures/sw1-B-31.png,renderings/sw1-B-31.png,prompts/author_prompt_v1.txt,builtin_image_gen,,1,2026-09-19T23:41:41.891941+08:00,2026-09-19T23:43:02.845165+08:00
sw1-C-31,E10V2_A499,E10V2_A499,SW1-C,structures/sw1-C-31.png,renderings/sw1-C-31.png,prompts/author_prompt_v1.txt,builtin_image_gen,,1,2026-09-19T23:43:49.740831+08:00,2026-09-19T23:45:10.189638+08:00
sw2-A-31,A195,A195,SW2-A,structures/sw2-A-31.png,renderings/sw2-A-31.png,prompts/author_prompt_v1.txt,builtin_image_gen,,1,2026-09-19T23:43:50.569472+08:00,2026-09-19T23:45:10.402288+08:00
sw3-A-31,E10V2_A328,E10V2_A328,SW3-A,structures/sw3-A-31.png,renderings/sw3-A-31.png,prompts/author_prompt_v1.txt,builtin_image_gen,,1,2026-09-19T23:45:52.632035+08:00,2026-09-19T23:47:31.391487+08:00
sw3-B-31,E10V2_A418,E10V2_A418,SW3-B,structures/sw3-B-31.png,renderings/sw3-B-31.png,prompts/author_prompt_v1.txt,builtin_image_gen,,1,2026-09-19T23:45:53.483183+08:00,2026-09-19T23:47:31.599564+08:00
sw1-A-32,E10V2_A067,E10V2_A067,SW1-A,structures/sw1-A-32.png,renderings/sw1-A-32.png,prompts/author_prompt_v1.txt,builtin_image_gen,,1,2026-09-19T23:48:21.167698+08:00,2026-09-19T23:50:02.743376+08:00
sw1-B-32,A130,A130,SW1-B,structures/sw1-B-32.png,renderings/sw1-B-32.png,prompts/author_prompt_v1.txt,builtin_image_gen,,1,2026-09-19T23:48:22.015306+08:00,2026-09-19T23:50:02.955614+08:00
sw1-C-32,E10V2_A517,E10V2_A517,SW1-C,structures/sw1-C-32.png,renderings/sw1-C-32.png,prompts/author_prompt_v1.txt,builtin_image_gen,,1,2026-09-19T23:50:56.682904+08:00,2026-09-19T23:52:28.258099+08:00
sw2-A-32,A238,A238,SW2-A,structures/sw2-A-32.png,renderings/sw2-A-32.png,prompts/author_prompt_v1.txt,builtin_image_gen,,1,2026-09-19T23:50:57.518153+08:00,2026-09-19T23:52:28.463102+08:00
sw3-A-32,E10V2_A346,E10V2_A346,SW3-A,structures/sw3-A-32.png,renderings/sw3-A-32.png,prompts/author_prompt_v1.txt,builtin_image_gen,,1,2026-09-19T23:53:23.981632+08:00,2026-09-19T23:54:56.777841+08:00
sw3-B-32,A418,A418,SW3-B,structures/sw3-B-32.png,renderings/sw3-B-32.png,prompts/author_prompt_v1.txt,builtin_image_gen,,1,2026-09-19T23:53:25.062647+08:00,2026-09-19T23:54:56.991946+08:00
sw1-A-33,E10V2_A085,E10V2_A085,SW1-A,structures/sw1-A-33.png,renderings/sw1-A-33.png,prompts/author_prompt_v1.txt,builtin_image_gen,,1,2026-09-19T23:55:48.528660+08:00,2026-09-19T23:57:38.464546+08:00
sw1-B-33,A157,A157,SW1-B,structures/sw1-B-33.png,renderings/sw1-B-33.png,prompts/author_prompt_v1.txt,builtin_image_gen,,1,2026-09-19T23:55:49.609502+08:00,2026-09-19T23:57:38.701416+08:00
sw1-C-33,E10V2_A526,E10V2_A526,SW1-C,structures/sw1-C-33.png,renderings/sw1-C-33.png,prompts/author_prompt_v1.txt,builtin_image_gen,,1,2026-09-19T23:58:40.190853+08:00,2026-09-20T00:00:18.540201+08:00
sw2-A-33,A239,A239,SW2-A,structures/sw2-A-33.png,renderings/sw2-A-33.png,prompts/author_prompt_v1.txt,builtin_image_gen,,1,2026-09-19T23:58:41.058461+08:00,2026-09-20T00:00:18.758857+08:00
sw3-A-33,A310,A310,SW3-A,structures/sw3-A-33.png,renderings/sw3-A-33.png,prompts/author_prompt_v1.txt,builtin_image_gen,,1,2026-09-20T00:01:25.703967+08:00,2026-09-20T00:03:12.294307+08:00
sw3-B-33,A427,A427,SW3-B,structures/sw3-B-33.png,renderings/sw3-B-33.png,prompts/author_prompt_v1.txt,builtin_image_gen,,1,2026-09-20T00:01:26.550558+08:00,2026-09-20T00:03:12.521378+08:00
sw1-A-34,A022,A022,SW1-A,structures/sw1-A-34.png,renderings/sw1-A-34.png,prompts/author_prompt_v1.txt,builtin_image_gen,,1,2026-09-20T00:04:17.316679+08:00,2026-09-20T00:06:03.650856+08:00
sw1-B-34,A094,A094,SW1-B,structures/sw1-B-34.png,renderings/sw1-B-34.png,prompts/author_prompt_v1.txt,builtin_image_gen,,1,2026-09-20T00:04:18.220186+08:00,2026-09-20T00:06:03.875363+08:00
sw1-C-34,A463,A463,SW1-C,structures/sw1-C-34.png,renderings/sw1-C-34.png,prompts/author_prompt_v1.txt,builtin_image_gen,,1,2026-09-20T00:07:19.079763+08:00,2026-09-20T00:09:06.603180+08:00
sw2-A-34,A247,A247,SW2-A,structures/sw2-A-34.png,renderings/sw2-A-34.png,prompts/author_prompt_v1.txt,builtin_image_gen,,1,2026-09-20T00:07:19.967485+08:00,2026-09-20T00:09:06.853247+08:00
sw3-A-34,A284,A284,SW3-A,structures/sw3-A-34.png,renderings/sw3-A-34.png,prompts/author_prompt_v1.txt,builtin_image_gen,,1,2026-09-20T00:10:23.471036+08:00,2026-09-20T00:12:19.083374+08:00
sw3-B-34,A364,A364,SW3-B,structures/sw3-B-34.png,renderings/sw3-B-34.png,prompts/author_prompt_v1.txt,builtin_image_gen,,1,2026-09-20T00:10:24.346852+08:00,2026-09-20T00:12:19.299429+08:00
sw1-A-35,A031,A031,SW1-A,structures/sw1-A-35.png,renderings/sw1-A-35.png,prompts/author_prompt_v1.txt,builtin_image_gen,,1,2026-09-20T00:13:42.497724+08:00,2026-09-20T00:15:45.037349+08:00
sw1-B-35,A104,A104,SW1-B,structures/sw1-B-35.png,renderings/sw1-B-35.png,prompts/author_prompt_v1.txt,builtin_image_gen,,1,2026-09-20T00:13:43.367873+08:00,2026-09-20T00:15:45.302815+08:00
sw1-C-35,A508,A508,SW1-C,structures/sw1-C-35.png,renderings/sw1-C-35.png,prompts/author_prompt_v1.txt,builtin_image_gen,,1,2026-09-20T00:17:17.205129+08:00,2026-09-20T00:19:05.713129+08:00
sw2-A-35,A248,A248,SW2-A,structures/sw2-A-35.png,renderings/sw2-A-35.png,prompts/author_prompt_v1.txt,builtin_image_gen,,1,2026-09-20T00:17:18.155807+08:00,2026-09-20T00:19:05.912752+08:00
sw3-A-35,A328,A328,SW3-A,structures/sw3-A-35.png,renderings/sw3-A-35.png,prompts/author_prompt_v1.txt,builtin_image_gen,,1,2026-09-20T00:20:19.243844+08:00,2026-09-20T00:22:16.033198+08:00
sw3-B-35,A400,A400,SW3-B,structures/sw3-B-35.png,renderings/sw3-B-35.png,prompts/author_prompt_v1.txt,builtin_image_gen,,1,2026-09-20T00:20:20.203184+08:00,2026-09-20T00:22:16.305764+08:00
sw1-A-36,A040,A040,SW1-A,structures/sw1-A-36.png,renderings/sw1-A-36.png,prompts/author_prompt_v1.txt,builtin_image_gen,,1,2026-09-20T00:23:41.704714+08:00,2026-09-20T00:25:28.284113+08:00
sw1-B-36,A149,A149,SW1-B,structures/sw1-B-36.png,renderings/sw1-B-36.png,prompts/author_prompt_v1.txt,builtin_image_gen,,1,2026-09-20T00:23:42.635853+08:00,2026-09-20T00:25:28.543646+08:00
sw1-C-36,A517,A517,SW1-C,structures/sw1-C-36.png,renderings/sw1-C-36.png,prompts/author_prompt_v1.txt,builtin_image_gen,,1,2026-09-20T00:26:43.704221+08:00,2026-09-20T00:28:35.430101+08:00
sw2-A-36,A257,A257,SW2-A,structures/sw2-A-36.png,renderings/sw2-A-36.png,prompts/author_prompt_v1.txt,builtin_image_gen,,1,2026-09-20T00:26:44.633170+08:00,2026-09-20T00:28:35.659448+08:00
sw3-A-36,A329,A329,SW3-A,structures/sw3-A-36.png,renderings/sw3-A-36.png,prompts/author_prompt_v1.txt,builtin_image_gen,,1,2026-09-20T00:29:58.675538+08:00,2026-09-20T00:32:28.185840+08:00
sw3-B-36,A409,A409,SW3-B,structures/sw3-B-36.png,renderings/sw3-B-36.png,prompts/author_prompt_v1.txt,builtin_image_gen,,1,2026-09-20T00:29:59.717654+08:00,2026-09-20T00:32:28.425297+08:00
sw1-A-37,A085,A085,SW1-A,structures/sw1-A-37.png,renderings/sw1-A-37.png,prompts/author_prompt_v1.txt,builtin_image_gen,,1,2026-09-20T00:33:40.421364+08:00,2026-09-20T00:35:44.256488+08:00
sw1-B-37,A150,A150,SW1-B,structures/sw1-B-37.png,renderings/sw1-B-37.png,prompts/author_prompt_v1.txt,builtin_image_gen,,1,2026-09-20T00:33:41.324932+08:00,2026-09-20T00:35:44.524170+08:00
sw1-C-37,A526,A526,SW1-C,structures/sw1-C-37.png,renderings/sw1-C-37.png,prompts/author_prompt_v1.txt,builtin_image_gen,,1,2026-09-20T00:37:22.673013+08:00,2026-09-20T00:39:55.683022+08:00
sw2-A-37,A258,A258,SW2-A,structures/sw2-A-37.png,renderings/sw2-A-37.png,prompts/author_prompt_v1.txt,builtin_image_gen,,1,2026-09-20T00:37:23.621984+08:00,2026-09-20T00:39:55.918047+08:00
sw3-A-37,A338,A338,SW3-A,structures/sw3-A-37.png,renderings/sw3-A-37.png,prompts/author_prompt_v1.txt,builtin_image_gen,,1,2026-09-20T00:41:41.570737+08:00,2026-09-20T00:43:51.812008+08:00
sw3-B-37,A374,A374,SW3-B,structures/sw3-B-37.png,renderings/sw3-B-37.png,prompts/author_prompt_v1.txt,builtin_image_gen,,1,2026-09-20T00:41:42.525229+08:00,2026-09-20T00:43:52.046365+08:00
sw1-A-38,A049,A049,SW1-A,structures/sw1-A-38.png,renderings/sw1-A-38.png,prompts/author_prompt_v1.txt,builtin_image_gen,,1,2026-09-20T00:45:22.914572+08:00,2026-09-20T00:47:54.016213+08:00
sw1-B-38,A159,A159,SW1-B,structures/sw1-B-38.png,renderings/sw1-B-38.png,prompts/author_prompt_v1.txt,builtin_image_gen,,1,2026-09-20T00:45:23.923557+08:00,2026-09-20T00:47:54.277243+08:00
sw1-C-38,A535,A535,SW1-C,structures/sw1-C-38.png,renderings/sw1-C-38.png,prompts/author_prompt_v1.txt,builtin_image_gen,,1,2026-09-20T00:49:20.480409+08:00,2026-09-20T00:51:45.569361+08:00
sw2-A-38,A185,A185,SW2-A,structures/sw2-A-38.png,renderings/sw2-A-38.png,prompts/author_prompt_v1.txt,builtin_image_gen,,1,2026-09-20T00:49:21.677589+08:00,2026-09-20T00:51:45.822429+08:00
sw3-A-38,A339,A339,SW3-A,structures/sw3-A-38.png,renderings/sw3-A-38.png,prompts/author_prompt_v1.txt,builtin_image_gen,,1,2026-09-20T00:53:36.163970+08:00,2026-09-20T00:55:36.159035+08:00
sw3-B-38,A419,A419,SW3-B,structures/sw3-B-38.png,renderings/sw3-B-38.png,prompts/author_prompt_v1.txt,builtin_image_gen,,1,2026-09-20T00:53:37.109186+08:00,2026-09-20T00:55:36.425296+08:00
sw1-A-39,A068,A068,SW1-A,structures/sw1-A-39.png,renderings/sw1-A-39.png,prompts/author_prompt_v1.txt,builtin_image_gen,,1,2026-09-20T00:57:50.160657+08:00,2026-09-20T01:00:37.484843+08:00
sw1-B-39,E10V2_A095,E10V2_A095,SW1-B,structures/sw1-B-39.png,renderings/sw1-B-39.png,prompts/author_prompt_v1.txt,builtin_image_gen,,1,2026-09-20T00:57:51.219693+08:00,2026-09-20T01:00:37.732086+08:00
sw1-C-39,A464,A464,SW1-C,structures/sw1-C-39.png,renderings/sw1-C-39.png,prompts/author_prompt_v1.txt,builtin_image_gen,,1,2026-09-20T01:02:53.526290+08:00,2026-09-20T01:05:38.320538+08:00
sw2-A-39,A222,A222,SW2-A,structures/sw2-A-39.png,renderings/sw2-A-39.png,prompts/author_prompt_v1.txt,builtin_image_gen,,1,2026-09-20T01:02:54.547143+08:00,2026-09-20T01:05:38.574178+08:00
sw3-A-39,A347,A347,SW3-A,structures/sw3-A-39.png,renderings/sw3-A-39.png,prompts/author_prompt_v1.txt,builtin_image_gen,,1,2026-09-20T01:07:51.988356+08:00,2026-09-20T01:10:09.697728+08:00
sw3-B-39,A382,A382,SW3-B,structures/sw3-B-39.png,renderings/sw3-B-39.png,prompts/author_prompt_v1.txt,builtin_image_gen,,1,2026-09-20T01:07:53.087348+08:00,2026-09-20T01:10:09.978318+08:00
sw1-A-40,A032,A032,SW1-A,structures/sw1-A-40.png,renderings/sw1-A-40.png,prompts/author_prompt_v1.txt,builtin_image_gen,,1,2026-09-20T01:12:11.444523+08:00,2026-09-20T01:14:34.363775+08:00
sw1-B-40,E10V2_A131,E10V2_A131,SW1-B,structures/sw1-B-40.png,renderings/sw1-B-40.png,prompts/author_prompt_v1.txt,builtin_image_gen,,1,2026-09-20T01:12:12.411123+08:00,2026-09-20T01:14:34.641871+08:00
sw1-C-40,A509,A509,SW1-C,structures/sw1-C-40.png,renderings/sw1-C-40.png,prompts/author_prompt_v1.txt,builtin_image_gen,,1,2026-09-20T01:16:41.941355+08:00,2026-09-20T01:19:09.563573+08:00
sw2-A-40,A266,A266,SW2-A,structures/sw2-A-40.png,renderings/sw2-A-40.png,prompts/author_prompt_v1.txt,builtin_image_gen,,1,2026-09-20T01:16:42.943487+08:00,2026-09-20T01:19:09.841911+08:00
sw3-A-40,A348,A348,SW3-A,structures/sw3-A-40.png,renderings/sw3-A-40.png,prompts/author_prompt_v1.txt,builtin_image_gen,,1,2026-09-20T01:21:28.521614+08:00,2026-09-20T01:24:32.713728+08:00
sw3-B-40,A445,A445,SW3-B,structures/sw3-B-40.png,renderings/sw3-B-40.png,prompts/author_prompt_v1.txt,builtin_image_gen,,1,2026-09-20T01:21:29.479879+08:00,2026-09-20T01:24:32.956750+08:00
sw1-A-41,A041,A041,SW1-A,structures/sw1-A-41.png,renderings/sw1-A-41.png,prompts/author_prompt_v1.txt,builtin_image_gen,,1,2026-09-20T01:26:58.742698+08:00,2026-09-20T01:29:19.495811+08:00
sw1-B-41,E10V2_A140,E10V2_A140,SW1-B,structures/sw1-B-41.png,renderings/sw1-B-41.png,prompts/author_prompt_v1.txt,builtin_image_gen,,1,2026-09-20T01:26:59.945920+08:00,2026-09-20T01:29:19.764574+08:00
sw1-C-41,A510,A510,SW1-C,structures/sw1-C-41.png,renderings/sw1-C-41.png,prompts/author_prompt_v1.txt,builtin_image_gen,,1,2026-09-20T01:31:47.649286+08:00,2026-09-20T01:34:12.748554+08:00
sw2-A-41,A240,A240,SW2-A,structures/sw2-A-41.png,renderings/sw2-A-41.png,prompts/author_prompt_v1.txt,builtin_image_gen,,1,2026-09-20T01:31:48.674469+08:00,2026-09-20T01:34:13.008415+08:00
sw3-A-41,A274,A274,SW3-A,structures/sw3-A-41.png,renderings/sw3-A-41.png,prompts/author_prompt_v1.txt,builtin_image_gen,,1,2026-09-20T01:36:20.434556+08:00,2026-09-20T01:39:26.131581+08:00
sw3-B-41,E10V2_A374,E10V2_A374,SW3-B,structures/sw3-B-41.png,renderings/sw3-B-41.png,prompts/author_prompt_v1.txt,builtin_image_gen,,1,2026-09-20T01:36:21.500312+08:00,2026-09-20T01:39:26.419567+08:00
sw1-A-42,A077,A077,SW1-A,structures/sw1-A-42.png,renderings/sw1-A-42.png,prompts/author_prompt_v1.txt,builtin_image_gen,,1,2026-09-20T01:41:30.734434+08:00,2026-09-20T01:43:50.829059+08:00
sw1-B-42,E10V2_A167,E10V2_A167,SW1-B,structures/sw1-B-42.png,renderings/sw1-B-42.png,prompts/author_prompt_v1.txt,builtin_image_gen,,1,2026-09-20T01:41:32.062663+08:00,2026-09-20T01:43:51.070708+08:00
sw1-C-42,A528,A528,SW1-C,structures/sw1-C-42.png,renderings/sw1-C-42.png,prompts/author_prompt_v1.txt,builtin_image_gen,,1,2026-09-20T01:45:56.701104+08:00,2026-09-20T01:49:09.207323+08:00
sw2-A-42,A211,A211,SW2-A,structures/sw2-A-42.png,renderings/sw2-A-42.png,prompts/author_prompt_v1.txt,builtin_image_gen,,1,2026-09-20T01:45:57.706259+08:00,2026-09-20T01:49:09.505241+08:00
sw3-A-42,A276,A276,SW3-A,structures/sw3-A-42.png,renderings/sw3-A-42.png,prompts/author_prompt_v1.txt,builtin_image_gen,,1,2026-09-20T01:52:54.283197+08:00,2026-09-20T01:54:40.723745+08:00
sw3-B-42,E10V2_A392,E10V2_A392,SW3-B,structures/sw3-B-42.png,renderings/sw3-B-42.png,prompts/author_prompt_v1.txt,builtin_image_gen,,1,2026-09-20T01:52:55.298565+08:00,2026-09-20T01:54:41.937210+08:00
sw1-A-43,A015,A015,SW1-A,structures/sw1-A-43.png,renderings/sw1-A-43.png,prompts/author_prompt_v1.txt,builtin_image_gen,,1,2026-09-20T01:55:14.122624+08:00,2026-09-20T01:56:50.703954+08:00
sw1-B-43,E10V2_A176,E10V2_A176,SW1-B,structures/sw1-B-43.png,renderings/sw1-B-43.png,prompts/author_prompt_v1.txt,builtin_image_gen,,1,2026-09-20T01:55:15.171474+08:00,2026-09-20T01:56:51.972567+08:00
sw1-C-43,A500,A500,SW1-C,structures/sw1-C-43.png,renderings/sw1-C-43.png,prompts/author_prompt_v1.txt,builtin_image_gen,,1,2026-09-20T01:57:19.844379+08:00,2026-09-20T01:58:50.633566+08:00
sw2-A-43,A220,A220,SW2-A,structures/sw2-A-43.png,renderings/sw2-A-43.png,prompts/author_prompt_v1.txt,builtin_image_gen,,1,2026-09-20T01:57:20.878409+08:00,2026-09-20T01:58:51.841346+08:00
sw3-A-43,A293,A293,SW3-A,structures/sw3-A-43.png,renderings/sw3-A-43.png,prompts/author_prompt_v1.txt,builtin_image_gen,,1,2026-09-20T01:59:22.375718+08:00,2026-09-20T02:01:04.689203+08:00
sw3-B-43,E10V2_A419,E10V2_A419,SW3-B,structures/sw3-B-43.png,renderings/sw3-B-43.png,prompts/author_prompt_v1.txt,builtin_image_gen,,1,2026-09-20T01:59:23.432182+08:00,2026-09-20T02:01:05.911595+08:00
sw1-A-44,A060,A060,SW1-A,structures/sw1-A-44.png,renderings/sw1-A-44.png,prompts/author_prompt_v1.txt,builtin_image_gen,,1,2026-09-20T02:01:40.427372+08:00,2026-09-20T02:03:09.302271+08:00
sw1-B-44,A096,A096,SW1-B,structures/sw1-B-44.png,renderings/sw1-B-44.png,prompts/author_prompt_v1.txt,builtin_image_gen,,1,2026-09-20T02:01:41.472730+08:00,2026-09-20T02:03:10.579421+08:00
sw1-C-44,A536,A536,SW1-C,structures/sw1-C-44.png,renderings/sw1-C-44.png,prompts/author_prompt_v1.txt,builtin_image_gen,,1,2026-09-20T02:03:45.769608+08:00,2026-09-20T02:05:36.494510+08:00
sw2-A-44,A221,A221,SW2-A,structures/sw2-A-44.png,renderings/sw2-A-44.png,prompts/author_prompt_v1.txt,builtin_image_gen,,1,2026-09-20T02:03:46.873038+08:00,2026-09-20T02:05:37.757530+08:00
sw3-A-44,A303,A303,SW3-A,structures/sw3-A-44.png,renderings/sw3-A-44.png,prompts/author_prompt_v1.txt,builtin_image_gen,,1,2026-09-20T02:06:13.881172+08:00,2026-09-20T02:08:07.967272+08:00
sw3-B-44,A383,A383,SW3-B,structures/sw3-B-44.png,renderings/sw3-B-44.png,prompts/author_prompt_v1.txt,builtin_image_gen,,1,2026-09-20T02:06:14.997453+08:00,2026-09-20T02:08:09.235794+08:00
sw1-A-45,A078,A078,SW1-A,structures/sw1-A-45.png,renderings/sw1-A-45.png,prompts/author_prompt_v1.txt,builtin_image_gen,,1,2026-09-20T02:08:48.085007+08:00,2026-09-20T02:10:36.503598+08:00
sw1-B-45,A122,A122,SW1-B,structures/sw1-B-45.png,renderings/sw1-B-45.png,prompts/author_prompt_v1.txt,builtin_image_gen,,1,2026-09-20T02:08:49.186686+08:00,2026-09-20T02:10:37.794080+08:00
sw1-C-45,E10V2_A464,E10V2_A464,SW1-C,structures/sw1-C-45.png,renderings/sw1-C-45.png,prompts/author_prompt_v1.txt,builtin_image_gen,,1,2026-09-20T02:11:20.251206+08:00,2026-09-20T02:13:15.347112+08:00
sw2-A-45,A213,A213,SW2-A,structures/sw2-A-45.png,renderings/sw2-A-45.png,prompts/author_prompt_v1.txt,builtin_image_gen,,1,2026-09-20T02:11:21.361971+08:00,2026-09-20T02:13:16.647558+08:00
sw3-A-45,A321,A321,SW3-A,structures/sw3-A-45.png,renderings/sw3-A-45.png,prompts/author_prompt_v1.txt,builtin_image_gen,,1,2026-09-20T02:14:08.357751+08:00,2026-09-20T02:16:13.137463+08:00
sw3-B-45,A392,A392,SW3-B,structures/sw3-B-45.png,renderings/sw3-B-45.png,prompts/author_prompt_v1.txt,builtin_image_gen,,1,2026-09-20T02:14:09.464047+08:00,2026-09-20T02:16:14.435176+08:00
sw1-A-46,E10V2_A059,E10V2_A059,SW1-A,structures/sw1-A-46.png,renderings/sw1-A-46.png,prompts/author_prompt_v1.txt,builtin_image_gen,,1,2026-09-20T02:17:03.914440+08:00,2026-09-20T02:19:52.295520+08:00
sw1-B-46,A131,A131,SW1-B,structures/sw1-B-46.png,renderings/sw1-B-46.png,prompts/author_prompt_v1.txt,builtin_image_gen,,1,2026-09-20T02:17:05.022363+08:00,2026-09-20T02:19:53.643306+08:00
sw1-C-46,E10V2_A473,E10V2_A473,SW1-C,structures/sw1-C-46.png,renderings/sw1-C-46.png,prompts/author_prompt_v1.txt,builtin_image_gen,,1,2026-09-20T02:20:46.351036+08:00,2026-09-20T02:22:50.860325+08:00
sw2-A-46,A231,A231,SW2-A,structures/sw2-A-46.png,renderings/sw2-A-46.png,prompts/author_prompt_v1.txt,builtin_image_gen,,1,2026-09-20T02:20:47.466820+08:00,2026-09-20T02:22:52.175634+08:00
sw3-A-46,A330,A330,SW3-A,structures/sw3-A-46.png,renderings/sw3-A-46.png,prompts/author_prompt_v1.txt,builtin_image_gen,,1,2026-09-20T02:23:48.639323+08:00,2026-09-20T02:25:59.442376+08:00
sw3-B-46,A410,A410,SW3-B,structures/sw3-B-46.png,renderings/sw3-B-46.png,prompts/author_prompt_v1.txt,builtin_image_gen,,1,2026-09-20T02:23:49.763790+08:00,2026-09-20T02:26:00.757212+08:00
sw1-A-47,E10V2_A068,E10V2_A068,SW1-A,structures/sw1-A-47.png,renderings/sw1-A-47.png,prompts/author_prompt_v1.txt,builtin_image_gen,,1,2026-09-20T02:27:06.562493+08:00,2026-09-20T02:29:27.443078+08:00
sw1-B-47,A167,A167,SW1-B,structures/sw1-B-47.png,renderings/sw1-B-47.png,prompts/author_prompt_v1.txt,builtin_image_gen,,1,2026-09-20T02:27:07.703821+08:00,2026-09-20T02:29:28.802546+08:00
sw1-C-47,E10V2_A518,E10V2_A518,SW1-C,structures/sw1-C-47.png,renderings/sw1-C-47.png,prompts/author_prompt_v1.txt,builtin_image_gen,,1,2026-09-20T02:30:28.937038+08:00,2026-09-20T02:32:41.168874+08:00
sw2-A-47,E10V2_A185,E10V2_A185,SW2-A,structures/sw2-A-47.png,renderings/sw2-A-47.png,prompts/author_prompt_v1.txt,builtin_image_gen,,1,2026-09-20T02:30:30.081198+08:00,2026-09-20T02:32:42.515385+08:00
sw3-A-47,A320,A320,SW3-A,structures/sw3-A-47.png,renderings/sw3-A-47.png,prompts/author_prompt_v1.txt,builtin_image_gen,,1,2026-09-20T02:33:39.167595+08:00,2026-09-20T02:35:42.351508+08:00
sw3-B-47,A446,A446,SW3-B,structures/sw3-B-47.png,renderings/sw3-B-47.png,prompts/author_prompt_v1.txt,builtin_image_gen,,1,2026-09-20T02:33:40.309091+08:00,2026-09-20T02:35:43.666053+08:00
sw1-A-48,A024,A024,SW1-A,structures/sw1-A-48.png,renderings/sw1-A-48.png,prompts/author_prompt_v1.txt,builtin_image_gen,,1,2026-09-20T02:36:41.237836+08:00,2026-09-20T02:38:52.146258+08:00
sw1-B-48,A141,A141,SW1-B,structures/sw1-B-48.png,renderings/sw1-B-48.png,prompts/author_prompt_v1.txt,builtin_image_gen,,1,2026-09-20T02:36:42.407031+08:00,2026-09-20T02:38:53.529365+08:00
sw1-C-48,E10V2_A536,E10V2_A536,SW1-C,structures/sw1-C-48.png,renderings/sw1-C-48.png,prompts/author_prompt_v1.txt,builtin_image_gen,,1,2026-09-20T02:40:11.407033+08:00,2026-09-20T02:42:29.943843+08:00
sw2-A-48,E10V2_A230,E10V2_A230,SW2-A,structures/sw2-A-48.png,renderings/sw2-A-48.png,prompts/author_prompt_v1.txt,builtin_image_gen,,1,2026-09-20T02:40:12.597121+08:00,2026-09-20T02:42:31.344496+08:00
sw3-A-48,A355,A355,SW3-A,structures/sw3-A-48.png,renderings/sw3-A-48.png,prompts/author_prompt_v1.txt,builtin_image_gen,,1,2026-09-20T02:43:36.308600+08:00,2026-09-20T02:45:57.996986+08:00
sw3-B-48,A375,A375,SW3-B,structures/sw3-B-48.png,renderings/sw3-B-48.png,prompts/author_prompt_v1.txt,builtin_image_gen,,1,2026-09-20T02:43:37.468158+08:00,2026-09-20T02:45:59.357484+08:00
sw1-A-49,A042,A042,SW1-A,structures/sw1-A-49.png,renderings/sw1-A-49.png,prompts/author_prompt_v1.txt,builtin_image_gen,,1,2026-09-20T02:47:14.188896+08:00,2026-09-20T02:49:29.162330+08:00
sw1-B-49,E10V2_A096,E10V2_A096,SW1-B,structures/sw1-B-49.png,renderings/sw1-B-49.png,prompts/author_prompt_v1.txt,builtin_image_gen,,1,2026-09-20T02:47:15.371870+08:00,2026-09-20T02:49:30.525584+08:00
sw1-C-49,A455,A455,SW1-C,structures/sw1-C-49.png,renderings/sw1-C-49.png,prompts/author_prompt_v1.txt,builtin_image_gen,,1,2026-09-20T02:50:44.587241+08:00,2026-09-20T02:53:04.579751+08:00
sw2-A-49,E10V2_A239,E10V2_A239,SW2-A,structures/sw2-A-49.png,renderings/sw2-A-49.png,prompts/author_prompt_v1.txt,builtin_image_gen,,1,2026-09-20T02:50:45.785106+08:00,2026-09-20T02:53:05.986893+08:00
sw3-A-49,E10V2_A284,E10V2_A284,SW3-A,structures/sw3-A-49.png,renderings/sw3-A-49.png,prompts/author_prompt_v1.txt,builtin_image_gen,,1,2026-09-20T02:54:22.698041+08:00,2026-09-20T02:56:56.995684+08:00
sw3-B-49,A429,A429,SW3-B,structures/sw3-B-49.png,renderings/sw3-B-49.png,prompts/author_prompt_v1.txt,builtin_image_gen,,1,2026-09-20T02:54:24.053795+08:00,2026-09-20T02:56:58.352857+08:00
sw1-A-50,A051,A051,SW1-A,structures/sw1-A-50.png,renderings/sw1-A-50.png,prompts/author_prompt_v1.txt,builtin_image_gen,,1,2026-09-20T02:58:23.060161+08:00,2026-09-20T03:00:48.105037+08:00
sw1-B-50,E10V2_A105,E10V2_A105,SW1-B,structures/sw1-B-50.png,renderings/sw1-B-50.png,prompts/author_prompt_v1.txt,builtin_image_gen,,1,2026-09-20T02:58:24.256903+08:00,2026-09-20T03:00:49.487411+08:00
sw1-C-50,A483,A483,SW1-C,structures/sw1-C-50.png,renderings/sw1-C-50.png,prompts/author_prompt_v1.txt,builtin_image_gen,,1,2026-09-20T03:02:53.195546+08:00,2026-09-20T03:05:16.084742+08:00
sw2-A-50,A204,A204,SW2-A,structures/sw2-A-50.png,renderings/sw2-A-50.png,prompts/author_prompt_v1.txt,builtin_image_gen,,1,2026-09-20T03:02:54.453311+08:00,2026-09-20T03:05:17.502640+08:00
sw3-A-50,E10V2_A329,E10V2_A329,SW3-A,structures/sw3-A-50.png,renderings/sw3-A-50.png,prompts/author_prompt_v1.txt,builtin_image_gen,,1,2026-09-20T03:06:56.941082+08:00,2026-09-20T03:09:19.002964+08:00
sw3-B-50,A447,A447,SW3-B,structures/sw3-B-50.png,renderings/sw3-B-50.png,prompts/author_prompt_v1.txt,builtin_image_gen,,1,2026-09-20T03:06:58.196940+08:00,2026-09-20T03:09:20.416957+08:00
sw1-A-51,A087,A087,SW1-A,structures/sw1-A-51.png,renderings/sw1-A-51.png,prompts/author_prompt_v1.txt,builtin_image_gen,,1,2026-09-20T03:10:56.168314+08:00,2026-09-20T03:13:58.003173+08:00
sw1-B-51,E10V2_A114,E10V2_A114,SW1-B,structures/sw1-B-51.png,renderings/sw1-B-51.png,prompts/author_prompt_v1.txt,builtin_image_gen,,1,2026-09-20T03:10:57.395648+08:00,2026-09-20T03:13:59.430266+08:00
sw1-C-51,A518,A518,SW1-C,structures/sw1-C-51.png,renderings/sw1-C-51.png,prompts/author_prompt_v1.txt,builtin_image_gen,,1,2026-09-20T03:15:42.463855+08:00,2026-09-20T03:18:32.244616+08:00
sw2-A-51,E10V2_A195,E10V2_A195,SW2-A,structures/sw2-A-51.png,renderings/sw2-A-51.png,prompts/author_prompt_v1.txt,builtin_image_gen,,1,2026-09-20T03:15:43.676356+08:00,2026-09-20T03:18:33.636663+08:00
sw3-A-51,E10V2_A356,E10V2_A356,SW3-A,structures/sw3-A-51.png,renderings/sw3-A-51.png,prompts/author_prompt_v1.txt,builtin_image_gen,,1,2026-09-20T03:19:56.771596+08:00,2026-09-20T03:22:50.763005+08:00
sw3-B-51,A402,A402,SW3-B,structures/sw3-B-51.png,renderings/sw3-B-51.png,prompts/author_prompt_v1.txt,builtin_image_gen,,1,2026-09-20T03:19:58.035440+08:00,2026-09-20T03:22:52.228098+08:00
sw1-A-52,E10V2_A024,E10V2_A024,SW1-A,structures/sw1-A-52.png,renderings/sw1-A-52.png,prompts/author_prompt_v1.txt,builtin_image_gen,,1,2026-09-20T03:24:06.800299+08:00,2026-09-20T03:27:03.353275+08:00
sw1-B-52,E10V2_A123,E10V2_A123,SW1-B,structures/sw1-B-52.png,renderings/sw1-B-52.png,prompts/author_prompt_v1.txt,builtin_image_gen,,1,2026-09-20T03:24:08.068168+08:00,2026-09-20T03:27:04.826562+08:00
sw1-C-52,A537,A537,SW1-C,structures/sw1-C-52.png,renderings/sw1-C-52.png,prompts/author_prompt_v1.txt,builtin_image_gen,,1,2026-09-20T03:28:53.390547+08:00,2026-09-20T03:32:00.175033+08:00
sw2-A-52,E10V2_A213,E10V2_A213,SW2-A,structures/sw2-A-52.png,renderings/sw2-A-52.png,prompts/author_prompt_v1.txt,builtin_image_gen,,1,2026-09-20T03:28:54.714682+08:00,2026-09-20T03:32:01.644208+08:00
sw3-A-52,E10V2_A294,E10V2_A294,SW3-A,structures/sw3-A-52.png,renderings/sw3-A-52.png,prompts/author_prompt_v1.txt,builtin_image_gen,,1,2026-09-20T03:33:31.193783+08:00,2026-09-20T03:36:28.727506+08:00
sw3-B-52,E10V2_A375,E10V2_A375,SW3-B,structures/sw3-B-52.png,renderings/sw3-B-52.png,prompts/author_prompt_v1.txt,builtin_image_gen,,1,2026-09-20T03:33:32.481098+08:00,2026-09-20T03:36:30.255200+08:00
sw1-A-53,E10V2_A033,E10V2_A033,SW1-A,structures/sw1-A-53.png,renderings/sw1-A-53.png,prompts/author_prompt_v1.txt,builtin_image_gen,,1,2026-09-20T03:38:10.550106+08:00,2026-09-20T03:41:49.124052+08:00
sw1-B-53,E10V2_A150,E10V2_A150,SW1-B,structures/sw1-B-53.png,renderings/sw1-B-53.png,prompts/author_prompt_v1.txt,builtin_image_gen,,1,2026-09-20T03:38:11.851564+08:00,2026-09-20T03:41:50.659089+08:00
sw1-C-53,A492,A492,SW1-C,structures/sw1-C-53.png,renderings/sw1-C-53.png,prompts/author_prompt_v1.txt,builtin_image_gen,,1,2026-09-20T03:43:26.764016+08:00,2026-09-20T03:46:22.105191+08:00
sw2-A-53,E10V2_A222,E10V2_A222,SW2-A,structures/sw2-A-53.png,renderings/sw2-A-53.png,prompts/author_prompt_v1.txt,builtin_image_gen,,1,2026-09-20T03:43:28.069457+08:00,2026-09-20T03:46:23.601611+08:00
sw3-A-53,E10V2_A312,E10V2_A312,SW3-A,structures/sw3-A-53.png,renderings/sw3-A-53.png,prompts/author_prompt_v1.txt,builtin_image_gen,,1,2026-09-20T03:48:29.188328+08:00,2026-09-20T03:51:08.232766+08:00
sw3-B-53,E10V2_A393,E10V2_A393,SW3-B,structures/sw3-B-53.png,renderings/sw3-B-53.png,prompts/author_prompt_v1.txt,builtin_image_gen,,1,2026-09-20T03:48:30.536906+08:00,2026-09-20T03:51:09.716646+08:00
sw1-A-54,E10V2_A051,E10V2_A051,SW1-A,structures/sw1-A-54.png,renderings/sw1-A-54.png,prompts/author_prompt_v1.txt,builtin_image_gen,,1,2026-09-20T03:52:46.027532+08:00,2026-09-20T03:55:41.360607+08:00
sw1-B-54,E10V2_A159,E10V2_A159,SW1-B,structures/sw1-B-54.png,renderings/sw1-B-54.png,prompts/author_prompt_v1.txt,builtin_image_gen,,1,2026-09-20T03:52:47.260418+08:00,2026-09-20T03:55:42.825467+08:00
sw1-C-54,E10V2_A483,E10V2_A483,SW1-C,structures/sw1-C-54.png,renderings/sw1-C-54.png,prompts/author_prompt_v1.txt,builtin_image_gen,,1,2026-09-20T03:58:00.833222+08:00,2026-09-20T04:00:52.947778+08:00
sw2-A-54,E10V2_A249,E10V2_A249,SW2-A,structures/sw2-A-54.png,renderings/sw2-A-54.png,prompts/author_prompt_v1.txt,builtin_image_gen,,1,2026-09-20T03:58:02.165521+08:00,2026-09-20T04:00:54.486168+08:00
sw3-A-54,E10V2_A321,E10V2_A321,SW3-A,structures/sw3-A-54.png,renderings/sw3-A-54.png,prompts/author_prompt_v1.txt,builtin_image_gen,,1,2026-09-20T04:02:38.069224+08:00,2026-09-20T04:05:46.158434+08:00
sw3-B-54,E10V2_A402,E10V2_A402,SW3-B,structures/sw3-B-54.png,renderings/sw3-B-54.png,prompts/author_prompt_v1.txt,builtin_image_gen,,1,2026-09-20T04:02:39.582770+08:00,2026-09-20T04:05:47.704290+08:00
sw1-A-55,E10V2_A078,E10V2_A078,SW1-A,structures/sw1-A-55.png,renderings/sw1-A-55.png,prompts/author_prompt_v1.txt,builtin_image_gen,,1,2026-09-20T04:08:00.798743+08:00,2026-09-20T04:11:13.326679+08:00
sw1-B-55,E10V2_A168,E10V2_A168,SW1-B,structures/sw1-B-55.png,renderings/sw1-B-55.png,prompts/author_prompt_v1.txt,builtin_image_gen,,1,2026-09-20T04:08:02.386789+08:00,2026-09-20T04:11:15.264598+08:00
sw1-C-55,E10V2_A501,E10V2_A501,SW1-C,structures/sw1-C-55.png,renderings/sw1-C-55.png,prompts/author_prompt_v1.txt,builtin_image_gen,,1,2026-09-20T04:12:47.940920+08:00,2026-09-20T04:16:29.411526+08:00
sw2-A-55,E10V2_A258,E10V2_A258,SW2-A,structures/sw2-A-55.png,renderings/sw2-A-55.png,prompts/author_prompt_v1.txt,builtin_image_gen,,1,2026-09-20T04:12:49.504391+08:00,2026-09-20T04:16:30.991354+08:00
sw3-A-55,E10V2_A330,E10V2_A330,SW3-A,structures/sw3-A-55.png,renderings/sw3-A-55.png,prompts/author_prompt_v1.txt,builtin_image_gen,,1,2026-09-20T04:18:38.384206+08:00,2026-09-20T04:21:39.406656+08:00
sw3-B-55,E10V2_A429,E10V2_A429,SW3-B,structures/sw3-B-55.png,renderings/sw3-B-55.png,prompts/author_prompt_v1.txt,builtin_image_gen,,1,2026-09-20T04:18:39.679304+08:00,2026-09-20T04:21:40.953742+08:00
sw1-A-56,E10V2_A087,E10V2_A087,SW1-A,structures/sw1-A-56.png,renderings/sw1-A-56.png,prompts/author_prompt_v1.txt,builtin_image_gen,,1,2026-09-20T04:24:11.244852+08:00,2026-09-20T04:27:13.930535+08:00
sw1-B-56,E10V2_A177,E10V2_A177,SW1-B,structures/sw1-B-56.png,renderings/sw1-B-56.png,prompts/author_prompt_v1.txt,builtin_image_gen,,1,2026-09-20T04:24:12.790567+08:00,2026-09-20T04:27:15.539278+08:00
sw1-C-56,E10V2_A519,E10V2_A519,SW1-C,structures/sw1-C-56.png,renderings/sw1-C-56.png,prompts/author_prompt_v1.txt,builtin_image_gen,,1,2026-09-20T04:29:32.015071+08:00,2026-09-20T04:33:11.163497+08:00
sw2-A-56,E10V2_A187,E10V2_A187,SW2-A,structures/sw2-A-56.png,renderings/sw2-A-56.png,prompts/author_prompt_v1.txt,builtin_image_gen,,1,2026-09-20T04:29:33.389464+08:00,2026-09-20T04:34:03.583541+08:00
sw3-A-56,E10V2_A277,E10V2_A277,SW3-A,structures/sw3-A-56.png,renderings/sw3-A-56.png,prompts/author_prompt_v1.txt,builtin_image_gen,,1,2026-09-20T04:34:28.021267+08:00,2026-09-20T04:35:33.534512+08:00
sw3-B-56,E10V2_A447,E10V2_A447,SW3-B,structures/sw3-B-56.png,renderings/sw3-B-56.png,prompts/author_prompt_v1.txt,builtin_image_gen,,1,2026-09-20T04:34:29.383222+08:00,2026-09-20T04:36:30.054165+08:00
sw1-A-57,E10V2_A007,E10V2_A007,SW1-A,structures/sw1-A-57.png,renderings/sw1-A-57.png,prompts/author_prompt_v1.txt,builtin_image_gen,,1,2026-09-20T04:36:54.352839+08:00,2026-09-20T04:38:07.162113+08:00
sw1-B-57,E10V2_A106,E10V2_A106,SW1-B,structures/sw1-B-57.png,renderings/sw1-B-57.png,prompts/author_prompt_v1.txt,builtin_image_gen,,1,2026-09-20T04:36:55.691671+08:00,2026-09-20T04:39:06.900697+08:00
sw1-C-57,E10V2_A493,E10V2_A493,SW1-C,structures/sw1-C-57.png,renderings/sw1-C-57.png,prompts/author_prompt_v1.txt,builtin_image_gen,,1,2026-09-20T04:39:32.450442+08:00,2026-09-20T04:40:48.109493+08:00
sw2-A-57,E10V2_A223,E10V2_A223,SW2-A,structures/sw2-A-57.png,renderings/sw2-A-57.png,prompts/author_prompt_v1.txt,builtin_image_gen,,1,2026-09-20T04:39:33.776142+08:00,2026-09-20T04:41:43.507771+08:00
sw3-A-57,E10V2_A304,E10V2_A304,SW3-A,structures/sw3-A-57.png,renderings/sw3-A-57.png,prompts/author_prompt_v1.txt,builtin_image_gen,,1,2026-09-20T04:42:10.189379+08:00,2026-09-20T04:43:16.304278+08:00
sw3-B-57,E10V2_A376,E10V2_A376,SW3-B,structures/sw3-B-57.png,renderings/sw3-B-57.png,prompts/author_prompt_v1.txt,builtin_image_gen,,1,2026-09-20T04:42:11.478314+08:00,2026-09-20T04:44:15.264344+08:00
sw1-A-58,E10V2_A016,E10V2_A016,SW1-A,structures/sw1-A-58.png,renderings/sw1-A-58.png,prompts/author_prompt_v1.txt,builtin_image_gen,,1,2026-09-20T04:44:49.743139+08:00,2026-09-20T04:46:13.780944+08:00
sw1-B-58,E10V2_A124,E10V2_A124,SW1-B,structures/sw1-B-58.png,renderings/sw1-B-58.png,prompts/author_prompt_v1.txt,builtin_image_gen,,1,2026-09-20T04:44:51.135557+08:00,2026-09-20T04:47:21.948187+08:00
sw1-C-58,E10V2_A511,E10V2_A511,SW1-C,structures/sw1-C-58.png,renderings/sw1-C-58.png,prompts/author_prompt_v1.txt,builtin_image_gen,,1,2026-09-20T04:47:53.702456+08:00,2026-09-20T04:49:19.033632+08:00
sw2-A-58,E10V2_A232,E10V2_A232,SW2-A,structures/sw2-A-58.png,renderings/sw2-A-58.png,prompts/author_prompt_v1.txt,builtin_image_gen,,1,2026-09-20T04:47:55.185837+08:00,2026-09-20T04:50:18.773011+08:00
sw3-A-58,E10V2_A331,E10V2_A331,SW3-A,structures/sw3-A-58.png,renderings/sw3-A-58.png,prompts/author_prompt_v1.txt,builtin_image_gen,,1,2026-09-20T04:50:53.623982+08:00,2026-09-20T04:52:20.274893+08:00
sw3-B-58,E10V2_A403,E10V2_A403,SW3-B,structures/sw3-B-58.png,renderings/sw3-B-58.png,prompts/author_prompt_v1.txt,builtin_image_gen,,1,2026-09-20T04:50:55.100225+08:00,2026-09-20T04:53:29.132140+08:00
sw1-A-59,E10V2_A061,E10V2_A061,SW1-A,structures/sw1-A-59.png,renderings/sw1-A-59.png,prompts/author_prompt_v1.txt,builtin_image_gen,,1,2026-09-20T04:54:04.894112+08:00,2026-09-20T04:55:43.752075+08:00
sw1-B-59,E10V2_A169,E10V2_A169,SW1-B,structures/sw1-B-59.png,renderings/sw1-B-59.png,prompts/author_prompt_v1.txt,builtin_image_gen,,1,2026-09-20T04:54:06.331329+08:00,2026-09-20T04:57:01.078365+08:00
sw1-C-59,E10V2_A520,E10V2_A520,SW1-C,structures/sw1-C-59.png,renderings/sw1-C-59.png,prompts/author_prompt_v1.txt,builtin_image_gen,,1,2026-09-20T04:57:41.360168+08:00,2026-09-20T04:59:23.144858+08:00
sw2-A-59,E10V2_A250,E10V2_A250,SW2-A,structures/sw2-A-59.png,renderings/sw2-A-59.png,prompts/author_prompt_v1.txt,builtin_image_gen,,1,2026-09-20T04:57:42.806645+08:00,2026-09-20T05:00:29.189140+08:00
sw3-A-59,E10V2_A340,E10V2_A340,SW3-A,structures/sw3-A-59.png,renderings/sw3-A-59.png,prompts/author_prompt_v1.txt,builtin_image_gen,,1,2026-09-20T05:01:11.441322+08:00,2026-09-20T05:02:49.987690+08:00
sw3-B-59,E10V2_A412,E10V2_A412,SW3-B,structures/sw3-B-59.png,renderings/sw3-B-59.png,prompts/author_prompt_v1.txt,builtin_image_gen,,1,2026-09-20T05:01:12.824822+08:00,2026-09-20T05:04:17.820833+08:00
sw1-A-60,A007,A007,SW1-A,structures/sw1-A-60.png,renderings/sw1-A-60.png,prompts/author_prompt_v1.txt,builtin_image_gen,,1,2026-09-20T05:05:05.876823+08:00,2026-09-20T05:06:52.842003+08:00
sw1-B-60,E10V2_A178,E10V2_A178,SW1-B,structures/sw1-B-60.png,renderings/sw1-B-60.png,prompts/author_prompt_v1.txt,builtin_image_gen,,1,2026-09-20T05:05:07.340903+08:00,2026-09-20T05:08:19.141327+08:00
sw1-C-60,E10V2_A538,E10V2_A538,SW1-C,structures/sw1-C-60.png,renderings/sw1-C-60.png,prompts/author_prompt_v1.txt,builtin_image_gen,,1,2026-09-20T05:09:06.738726+08:00,2026-09-20T05:11:02.109113+08:00
sw2-A-60,A268,A268,SW2-A,structures/sw2-A-60.png,renderings/sw2-A-60.png,prompts/author_prompt_v1.txt,builtin_image_gen,,1,2026-09-20T05:09:08.171208+08:00,2026-09-20T05:12:20.658528+08:00
sw3-A-60,E10V2_A358,E10V2_A358,SW3-A,structures/sw3-A-60.png,renderings/sw3-A-60.png,prompts/author_prompt_v1.txt,builtin_image_gen,,1,2026-09-20T05:13:15.467025+08:00,2026-09-20T05:15:06.006510+08:00
sw3-B-60,E10V2_A430,E10V2_A430,SW3-B,structures/sw3-B-60.png,renderings/sw3-B-60.png,prompts/author_prompt_v1.txt,builtin_image_gen,,1,2026-09-20T05:13:16.881257+08:00,2026-09-20T05:16:27.941402+08:00
sw1-A-61,A016,A016,SW1-A,structures/sw1-A-61.png,renderings/sw1-A-61.png,prompts/author_prompt_v1.txt,builtin_image_gen,,1,2026-09-20T05:17:24.631494+08:00,2026-09-20T05:19:11.722120+08:00
sw1-B-61,A097,A097,SW1-B,structures/sw1-B-61.png,renderings/sw1-B-61.png,prompts/author_prompt_v1.txt,builtin_image_gen,,1,2026-09-20T05:17:26.083969+08:00,2026-09-20T05:20:42.089553+08:00
sw1-C-61,A466,A466,SW1-C,structures/sw1-C-61.png,renderings/sw1-C-61.png,prompts/author_prompt_v1.txt,builtin_image_gen,,1,2026-09-20T05:21:33.664307+08:00,2026-09-20T05:23:54.563379+08:00
sw2-A-61,A241,A241,SW2-A,structures/sw2-A-61.png,renderings/sw2-A-61.png,prompts/author_prompt_v1.txt,builtin_image_gen,,1,2026-09-20T05:21:35.128824+08:00,2026-09-20T05:25:32.534761+08:00
sw3-A-61,A331,A331,SW3-A,structures/sw3-A-61.png,renderings/sw3-A-61.png,prompts/author_prompt_v1.txt,builtin_image_gen,,1,2026-09-20T05:26:26.496427+08:00,2026-09-20T05:28:21.162831+08:00
sw3-B-61,E10V2_A448,E10V2_A448,SW3-B,structures/sw3-B-61.png,renderings/sw3-B-61.png,prompts/author_prompt_v1.txt,builtin_image_gen,,1,2026-09-20T05:26:27.971301+08:00,2026-09-20T05:30:04.863938+08:00
sw1-A-62,A061,A061,SW1-A,structures/sw1-A-62.png,renderings/sw1-A-62.png,prompts/author_prompt_v1.txt,builtin_image_gen,,1,2026-09-20T05:31:10.134050+08:00,2026-09-20T05:33:19.100981+08:00
sw1-B-62,A115,A115,SW1-B,structures/sw1-B-62.png,renderings/sw1-B-62.png,prompts/author_prompt_v1.txt,builtin_image_gen,,1,2026-09-20T05:31:11.583604+08:00,2026-09-20T05:34:57.531416+08:00
sw1-C-62,A502,A502,SW1-C,structures/sw1-C-62.png,renderings/sw1-C-62.png,prompts/author_prompt_v1.txt,builtin_image_gen,,1,2026-09-20T05:36:10.856285+08:00,2026-09-20T05:38:18.347980+08:00
sw2-A-62,A243,A243,SW2-A,structures/sw2-A-62.png,renderings/sw2-A-62.png,prompts/author_prompt_v1.txt,builtin_image_gen,,1,2026-09-20T05:36:12.302455+08:00,2026-09-20T05:39:47.537660+08:00
sw3-A-62,A340,A340,SW3-A,structures/sw3-A-62.png,renderings/sw3-A-62.png,prompts/author_prompt_v1.txt,builtin_image_gen,,1,2026-09-20T05:40:42.703942+08:00,2026-09-20T05:43:04.130663+08:00
sw3-B-62,A421,A421,SW3-B,structures/sw3-B-62.png,renderings/sw3-B-62.png,prompts/author_prompt_v1.txt,builtin_image_gen,,1,2026-09-20T05:40:44.196438+08:00,2026-09-20T05:44:45.458228+08:00
sw1-A-63,A070,A070,SW1-A,structures/sw1-A-63.png,renderings/sw1-A-63.png,prompts/author_prompt_v1.txt,builtin_image_gen,,1,2026-09-20T05:45:50.586593+08:00,2026-09-20T05:48:03.292101+08:00
sw1-B-63,A169,A169,SW1-B,structures/sw1-B-63.png,renderings/sw1-B-63.png,prompts/author_prompt_v1.txt,builtin_image_gen,,1,2026-09-20T05:45:52.107150+08:00,2026-09-20T05:49:48.338063+08:00
sw1-C-63,A511,A511,SW1-C,structures/sw1-C-63.png,renderings/sw1-C-63.png,prompts/author_prompt_v1.txt,builtin_image_gen,,1,2026-09-20T05:50:46.334539+08:00,2026-09-20T05:52:55.381040+08:00
sw2-A-63,A250,A250,SW2-A,structures/sw2-A-63.png,renderings/sw2-A-63.png,prompts/author_prompt_v1.txt,builtin_image_gen,,1,2026-09-20T05:50:47.857597+08:00,2026-09-20T05:54:32.703827+08:00
sw3-A-63,A277,A277,SW3-A,structures/sw3-A-63.png,renderings/sw3-A-63.png,prompts/author_prompt_v1.txt,builtin_image_gen,,1,2026-09-20T05:55:40.642013+08:00,2026-09-20T05:58:23.281005+08:00
sw3-B-63,A430,A430,SW3-B,structures/sw3-B-63.png,renderings/sw3-B-63.png,prompts/author_prompt_v1.txt,builtin_image_gen,,1,2026-09-20T05:55:42.150404+08:00,2026-09-20T06:00:09.026514+08:00
sw1-A-64,A088,A088,SW1-A,structures/sw1-A-64.png,renderings/sw1-A-64.png,prompts/author_prompt_v1.txt,builtin_image_gen,,1,2026-09-20T06:01:24.478576+08:00,2026-09-20T06:04:03.279960+08:00
sw1-B-64,A152,A152,SW1-B,structures/sw1-B-64.png,renderings/sw1-B-64.png,prompts/author_prompt_v1.txt,builtin_image_gen,,1,2026-09-20T06:01:26.059301+08:00,2026-09-20T06:05:52.600400+08:00
sw1-C-64,A520,A520,SW1-C,structures/sw1-C-64.png,renderings/sw1-C-64.png,prompts/author_prompt_v1.txt,builtin_image_gen,,1,2026-09-20T06:07:22.957094+08:00,2026-09-20T06:10:01.593268+08:00
sw2-A-64,A259,A259,SW2-A,structures/sw2-A-64.png,renderings/sw2-A-64.png,prompts/author_prompt_v1.txt,builtin_image_gen,,1,2026-09-20T06:07:24.720780+08:00,2026-09-20T06:11:41.839122+08:00
sw3-A-64,A333,A333,SW3-A,structures/sw3-A-64.png,renderings/sw3-A-64.png,prompts/author_prompt_v1.txt,builtin_image_gen,,1,2026-09-20T06:12:55.583202+08:00,2026-09-20T06:15:47.957046+08:00
sw3-B-64,A448,A448,SW3-B,structures/sw3-B-64.png,renderings/sw3-B-64.png,prompts/author_prompt_v1.txt,builtin_image_gen,,1,2026-09-20T06:12:57.105297+08:00,2026-09-20T06:17:36.887986+08:00
sw1-A-65,A079,A079,SW1-A,structures/sw1-A-65.png,renderings/sw1-A-65.png,prompts/author_prompt_v1.txt,builtin_image_gen,,1,2026-09-20T06:18:52.866438+08:00,2026-09-20T06:21:36.289398+08:00
sw1-B-65,A170,A170,SW1-B,structures/sw1-B-65.png,renderings/sw1-B-65.png,prompts/author_prompt_v1.txt,builtin_image_gen,,1,2026-09-20T06:18:54.441999+08:00,2026-09-20T06:23:30.393666+08:00
sw1-C-65,A538,A538,SW1-C,structures/sw1-C-65.png,renderings/sw1-C-65.png,prompts/author_prompt_v1.txt,builtin_image_gen,,1,2026-09-20T06:24:48.012262+08:00,2026-09-20T06:27:33.456135+08:00
sw2-A-65,A260,A260,SW2-A,structures/sw2-A-65.png,renderings/sw2-A-65.png,prompts/author_prompt_v1.txt,builtin_image_gen,,1,2026-09-20T06:24:49.493843+08:00,2026-09-20T06:29:38.291775+08:00
sw3-A-65,A342,A342,SW3-A,structures/sw3-A-65.png,renderings/sw3-A-65.png,prompts/author_prompt_v1.txt,builtin_image_gen,,1,2026-09-20T06:31:11.051194+08:00,2026-09-20T06:34:06.771885+08:00
sw3-B-65,A377,A377,SW3-B,structures/sw3-B-65.png,renderings/sw3-B-65.png,prompts/author_prompt_v1.txt,builtin_image_gen,,1,2026-09-20T06:31:12.868530+08:00,2026-09-20T06:35:57.622241+08:00
sw1-A-66,A080,A080,SW1-A,structures/sw1-A-66.png,renderings/sw1-A-66.png,prompts/author_prompt_v1.txt,builtin_image_gen,,1,2026-09-20T06:37:21.836467+08:00,2026-09-20T06:40:30.582527+08:00
sw1-B-66,A125,A125,SW1-B,structures/sw1-B-66.png,renderings/sw1-B-66.png,prompts/author_prompt_v1.txt,builtin_image_gen,,1,2026-09-20T06:37:23.535657+08:00,2026-09-20T06:42:28.789572+08:00
sw1-C-66,A475,A475,SW1-C,structures/sw1-C-66.png,renderings/sw1-C-66.png,prompts/author_prompt_v1.txt,builtin_image_gen,,1,2026-09-20T06:44:16.096225+08:00,2026-09-20T06:47:17.910019+08:00
sw2-A-66,A261,A261,SW2-A,structures/sw2-A-66.png,renderings/sw2-A-66.png,prompts/author_prompt_v1.txt,builtin_image_gen,,1,2026-09-20T06:44:17.633404+08:00,2026-09-20T06:49:22.620494+08:00
sw3-A-66,A350,A350,SW3-A,structures/sw3-A-66.png,renderings/sw3-A-66.png,prompts/author_prompt_v1.txt,builtin_image_gen,,1,2026-09-20T06:50:50.860117+08:00,2026-09-20T06:53:44.287091+08:00
sw3-B-66,A422,A422,SW3-B,structures/sw3-B-66.png,renderings/sw3-B-66.png,prompts/author_prompt_v1.txt,builtin_image_gen,,1,2026-09-20T06:50:52.660475+08:00,2026-09-20T06:55:46.494499+08:00
sw1-A-67,A071,A071,SW1-A,structures/sw1-A-67.png,renderings/sw1-A-67.png,prompts/author_prompt_v1.txt,builtin_image_gen,,1,2026-09-20T06:57:52.314764+08:00,2026-09-20T07:00:39.333456+08:00
sw1-B-67,A107,A107,SW1-B,structures/sw1-B-67.png,renderings/sw1-B-67.png,prompts/author_prompt_v1.txt,builtin_image_gen,,1,2026-09-20T06:57:54.217405+08:00,2026-09-20T07:03:01.182579+08:00
sw1-C-67,A484,A484,SW1-C,structures/sw1-C-67.png,renderings/sw1-C-67.png,prompts/author_prompt_v1.txt,builtin_image_gen,,1,2026-09-20T07:04:49.287156+08:00,2026-09-20T07:08:04.363227+08:00
sw2-A-67,A205,A205,SW2-A,structures/sw2-A-67.png,renderings/sw2-A-67.png,prompts/author_prompt_v1.txt,builtin_image_gen,,1,2026-09-20T07:04:51.128924+08:00,2026-09-20T07:10:30.315232+08:00
sw3-A-67,A304,A304,SW3-A,structures/sw3-A-67.png,renderings/sw3-A-67.png,prompts/author_prompt_v1.txt,builtin_image_gen,,1,2026-09-20T07:12:06.426793+08:00,2026-09-20T07:15:39.080962+08:00
sw3-B-67,A431,A431,SW3-B,structures/sw3-B-67.png,renderings/sw3-B-67.png,prompts/author_prompt_v1.txt,builtin_image_gen,,1,2026-09-20T07:12:08.321061+08:00,2026-09-20T07:18:01.293651+08:00
sw1-A-68,A081,A081,SW1-A,structures/sw1-A-68.png,renderings/sw1-A-68.png,prompts/author_prompt_v1.txt,builtin_image_gen,,1,2026-09-20T07:19:26.754191+08:00,2026-09-20T07:22:47.300743+08:00
sw1-B-68,A108,A108,SW1-B,structures/sw1-B-68.png,renderings/sw1-B-68.png,prompts/author_prompt_v1.txt,builtin_image_gen,,1,2026-09-20T07:19:28.670505+08:00,2026-09-20T07:25:17.158973+08:00
sw1-C-68,A512,A512,SW1-C,structures/sw1-C-68.png,renderings/sw1-C-68.png,prompts/author_prompt_v1.txt,builtin_image_gen,,1,2026-09-20T07:27:25.802876+08:00,2026-09-20T07:31:00.451779+08:00
sw2-A-68,A189,A189,SW2-A,structures/sw2-A-68.png,renderings/sw2-A-68.png,prompts/author_prompt_v1.txt,builtin_image_gen,,1,2026-09-20T07:27:27.671650+08:00,2026-09-20T07:33:45.573344+08:00
sw3-A-68,A306,A306,SW3-A,structures/sw3-A-68.png,renderings/sw3-A-68.png,prompts/author_prompt_v1.txt,builtin_image_gen,,1,2026-09-20T07:36:03.412689+08:00,2026-09-20T07:39:22.137711+08:00
sw3-B-68,A439,A439,SW3-B,structures/sw3-B-68.png,renderings/sw3-B-68.png,prompts/author_prompt_v1.txt,builtin_image_gen,,1,2026-09-20T07:36:05.309110+08:00,2026-09-20T07:41:54.601538+08:00
sw1-A-69,E10V2_A008,E10V2_A008,SW1-A,structures/sw1-A-69.png,renderings/sw1-A-69.png,prompts/author_prompt_v1.txt,builtin_image_gen,,1,2026-09-20T07:43:59.132624+08:00,2026-09-20T07:49:07.884991+08:00
sw1-B-69,A171,A171,SW1-B,structures/sw1-B-69.png,renderings/sw1-B-69.png,prompts/author_prompt_v1.txt,builtin_image_gen,,1,2026-09-20T07:44:01.074269+08:00,2026-09-20T07:51:29.199019+08:00
sw1-C-69,A513,A513,SW1-C,structures/sw1-C-69.png,renderings/sw1-C-69.png,prompts/author_prompt_v1.txt,builtin_image_gen,,1,2026-09-20T07:53:20.943687+08:00,2026-09-20T07:57:15.727803+08:00
sw2-A-69,A198,A198,SW2-A,structures/sw2-A-69.png,renderings/sw2-A-69.png,prompts/author_prompt_v1.txt,builtin_image_gen,,1,2026-09-20T07:53:22.848633+08:00,2026-09-20T07:59:33.920140+08:00
sw3-A-69,A314,A314,SW3-A,structures/sw3-A-69.png,renderings/sw3-A-69.png,prompts/author_prompt_v1.txt,builtin_image_gen,,1,2026-09-20T08:01:48.777565+08:00,2026-09-20T08:07:00.245099+08:00
sw3-B-69,E10V2_A377,E10V2_A377,SW3-B,structures/sw3-B-69.png,renderings/sw3-B-69.png,prompts/author_prompt_v1.txt,builtin_image_gen,,1,2026-09-20T08:01:50.711855+08:00,2026-09-20T08:07:02.032227+08:00
sw1-A-70,E10V2_A017,E10V2_A017,SW1-A,structures/sw1-A-70.png,renderings/sw1-A-70.png,prompts/author_prompt_v1.txt,builtin_image_gen,,1,2026-09-20T08:07:28.809602+08:00,2026-09-20T08:09:06.310413+08:00
sw1-B-70,E10V2_A116,E10V2_A116,SW1-B,structures/sw1-B-70.png,renderings/sw1-B-70.png,prompts/author_prompt_v1.txt,builtin_image_gen,,1,2026-09-20T08:07:30.372519+08:00,2026-09-20T08:09:08.146842+08:00
sw1-C-70,A522,A522,SW1-C,structures/sw1-C-70.png,renderings/sw1-C-70.png,prompts/author_prompt_v1.txt,builtin_image_gen,,1,2026-09-20T08:09:36.078486+08:00,2026-09-20T08:11:16.598629+08:00
sw2-A-70,A206,A206,SW2-A,structures/sw2-A-70.png,renderings/sw2-A-70.png,prompts/author_prompt_v1.txt,builtin_image_gen,,1,2026-09-20T08:09:37.714118+08:00,2026-09-20T08:11:18.507828+08:00
sw3-A-70,A349,A349,SW3-A,structures/sw3-A-70.png,renderings/sw3-A-70.png,prompts/author_prompt_v1.txt,builtin_image_gen,,1,2026-09-20T08:11:57.681826+08:00,2026-09-20T08:13:37.690329+08:00
sw3-B-70,E10V2_A395,E10V2_A395,SW3-B,structures/sw3-B-70.png,renderings/sw3-B-70.png,prompts/author_prompt_v1.txt,builtin_image_gen,,1,2026-09-20T08:11:59.320902+08:00,2026-09-20T08:13:39.550533+08:00
sw1-A-71,E10V2_A035,E10V2_A035,SW1-A,structures/sw1-A-71.png,renderings/sw1-A-71.png,prompts/author_prompt_v1.txt,builtin_image_gen,,1,2026-09-20T08:14:12.627923+08:00,2026-09-20T08:15:52.869672+08:00
sw1-B-71,E10V2_A134,E10V2_A134,SW1-B,structures/sw1-B-71.png,renderings/sw1-B-71.png,prompts/author_prompt_v1.txt,builtin_image_gen,,1,2026-09-20T08:14:14.274265+08:00,2026-09-20T08:15:54.851239+08:00
sw1-C-71,A503,A503,SW1-C,structures/sw1-C-71.png,renderings/sw1-C-71.png,prompts/author_prompt_v1.txt,builtin_image_gen,,1,2026-09-20T08:16:32.806624+08:00,2026-09-20T08:18:20.702806+08:00
sw2-A-71,A207,A207,SW2-A,structures/sw2-A-71.png,renderings/sw2-A-71.png,prompts/author_prompt_v1.txt,builtin_image_gen,,1,2026-09-20T08:16:34.475790+08:00,2026-09-20T08:18:22.630103+08:00
sw3-A-71,A360,A360,SW3-A,structures/sw3-A-71.png,renderings/sw3-A-71.png,prompts/author_prompt_v1.txt,builtin_image_gen,,1,2026-09-20T08:18:58.838276+08:00,2026-09-20T08:20:40.296674+08:00
sw3-B-71,E10V2_A404,E10V2_A404,SW3-B,structures/sw3-B-71.png,renderings/sw3-B-71.png,prompts/author_prompt_v1.txt,builtin_image_gen,,1,2026-09-20T08:19:00.554122+08:00,2026-09-20T08:20:42.193779+08:00
sw1-A-72,E10V2_A044,E10V2_A044,SW1-A,structures/sw1-A-72.png,renderings/sw1-A-72.png,prompts/author_prompt_v1.txt,builtin_image_gen,,1,2026-09-20T08:21:27.026740+08:00,2026-09-20T08:23:09.535351+08:00
sw1-B-72,E10V2_A143,E10V2_A143,SW1-B,structures/sw1-B-72.png,renderings/sw1-B-72.png,prompts/author_prompt_v1.txt,builtin_image_gen,,1,2026-09-20T08:21:28.692811+08:00,2026-09-20T08:23:11.499518+08:00
sw1-C-72,E10V2_A476,E10V2_A476,SW1-C,structures/sw1-C-72.png,renderings/sw1-C-72.png,prompts/author_prompt_v1.txt,builtin_image_gen,,1,2026-09-20T08:24:03.916527+08:00,2026-09-20T08:25:54.764575+08:00
sw2-A-72,A215,A215,SW2-A,structures/sw2-A-72.png,renderings/sw2-A-72.png,prompts/author_prompt_v1.txt,builtin_image_gen,,1,2026-09-20T08:24:05.648704+08:00,2026-09-20T08:25:56.734215+08:00
sw3-A-72,A295,A295,SW3-A,structures/sw3-A-72.png,renderings/sw3-A-72.png,prompts/author_prompt_v1.txt,builtin_image_gen,,1,2026-09-20T08:26:46.289966+08:00,2026-09-20T08:28:38.459639+08:00
sw3-B-72,E10V2_A422,E10V2_A422,SW3-B,structures/sw3-B-72.png,renderings/sw3-B-72.png,prompts/author_prompt_v1.txt,builtin_image_gen,,1,2026-09-20T08:26:47.945382+08:00,2026-09-20T08:28:40.409121+08:00
sw1-A-73,E10V2_A080,E10V2_A080,SW1-A,structures/sw1-A-73.png,renderings/sw1-A-73.png,prompts/author_prompt_v1.txt,builtin_image_gen,,1,2026-09-20T08:29:32.189256+08:00,2026-09-20T08:31:42.922019+08:00
sw1-B-73,E10V2_A152,E10V2_A152,SW1-B,structures/sw1-B-73.png,renderings/sw1-B-73.png,prompts/author_prompt_v1.txt,builtin_image_gen,,1,2026-09-20T08:29:33.952753+08:00,2026-09-20T08:31:44.903737+08:00
sw1-C-73,E10V2_A485,E10V2_A485,SW1-C,structures/sw1-C-73.png,renderings/sw1-C-73.png,prompts/author_prompt_v1.txt,builtin_image_gen,,1,2026-09-20T08:32:38.948740+08:00,2026-09-20T08:34:30.855686+08:00
sw2-A-73,A216,A216,SW2-A,structures/sw2-A-73.png,renderings/sw2-A-73.png,prompts/author_prompt_v1.txt,builtin_image_gen,,1,2026-09-20T08:32:40.712118+08:00,2026-09-20T08:34:32.768720+08:00
sw3-A-73,A313,A313,SW3-A,structures/sw3-A-73.png,renderings/sw3-A-73.png,prompts/author_prompt_v1.txt,builtin_image_gen,,1,2026-09-20T08:35:29.757770+08:00,2026-09-20T08:37:25.723918+08:00
sw3-B-73,E10V2_A431,E10V2_A431,SW3-B,structures/sw3-B-73.png,renderings/sw3-B-73.png,prompts/author_prompt_v1.txt,builtin_image_gen,,1,2026-09-20T08:35:31.456901+08:00,2026-09-20T08:37:27.696175+08:00
sw1-A-74,A027,A027,SW1-A,structures/sw1-A-74.png,renderings/sw1-A-74.png,prompts/author_prompt_v1.txt,builtin_image_gen,,1,2026-09-20T08:38:29.018243+08:00,2026-09-20T08:40:42.475896+08:00
sw1-B-74,E10V2_A161,E10V2_A161,SW1-B,structures/sw1-B-74.png,renderings/sw1-B-74.png,prompts/author_prompt_v1.txt,builtin_image_gen,,1,2026-09-20T08:38:30.769308+08:00,2026-09-20T08:40:44.465027+08:00
sw1-C-74,E10V2_A521,E10V2_A521,SW1-C,structures/sw1-C-74.png,renderings/sw1-C-74.png,prompts/author_prompt_v1.txt,builtin_image_gen,,1,2026-09-20T08:41:46.742847+08:00,2026-09-20T08:43:52.804225+08:00
sw2-A-74,A223,A223,SW2-A,structures/sw2-A-74.png,renderings/sw2-A-74.png,prompts/author_prompt_v1.txt,builtin_image_gen,,1,2026-09-20T08:41:48.488569+08:00,2026-09-20T08:43:54.856919+08:00
sw3-A-74,A323,A323,SW3-A,structures/sw3-A-74.png,renderings/sw3-A-74.png,prompts/author_prompt_v1.txt,builtin_image_gen,,1,2026-09-20T08:44:53.165522+08:00,2026-09-20T08:47:02.505019+08:00
sw3-B-74,A404,A404,SW3-B,structures/sw3-B-74.png,renderings/sw3-B-74.png,prompts/author_prompt_v1.txt,builtin_image_gen,,1,2026-09-20T08:44:55.319829+08:00,2026-09-20T08:47:04.450509+08:00
sw1-A-75,A036,A036,SW1-A,structures/sw1-A-75.png,renderings/sw1-A-75.png,prompts/author_prompt_v1.txt,builtin_image_gen,,1,2026-09-20T08:48:11.587075+08:00,2026-09-20T08:50:15.765708+08:00
sw1-B-75,E10V2_A179,E10V2_A179,SW1-B,structures/sw1-B-75.png,renderings/sw1-B-75.png,prompts/author_prompt_v1.txt,builtin_image_gen,,1,2026-09-20T08:48:13.344171+08:00,2026-09-20T08:50:17.724183+08:00
sw1-C-75,E10V2_A539,E10V2_A539,SW1-C,structures/sw1-C-75.png,renderings/sw1-C-75.png,prompts/author_prompt_v1.txt,builtin_image_gen,,1,2026-09-20T08:51:31.954561+08:00,2026-09-20T08:53:35.202864+08:00
sw2-A-75,A224,A224,SW2-A,structures/sw2-A-75.png,renderings/sw2-A-75.png,prompts/author_prompt_v1.txt,builtin_image_gen,,1,2026-09-20T08:51:33.709039+08:00,2026-09-20T08:53:37.210656+08:00
sw3-A-75,E10V2_A278,E10V2_A278,SW3-A,structures/sw3-A-75.png,renderings/sw3-A-75.png,prompts/author_prompt_v1.txt,builtin_image_gen,,1,2026-09-20T08:54:42.174045+08:00,2026-09-20T08:56:52.625475+08:00
sw3-B-75,A423,A423,SW3-B,structures/sw3-B-75.png,renderings/sw3-B-75.png,prompts/author_prompt_v1.txt,builtin_image_gen,,1,2026-09-20T08:54:43.945568+08:00,2026-09-20T08:56:54.797532+08:00
sw1-A-76,A054,A054,SW1-A,structures/sw1-A-76.png,renderings/sw1-A-76.png,prompts/author_prompt_v1.txt,builtin_image_gen,,1,2026-09-20T08:58:01.764135+08:00,2026-09-20T09:00:57.566384+08:00
sw1-B-76,A117,A117,SW1-B,structures/sw1-B-76.png,renderings/sw1-B-76.png,prompts/author_prompt_v1.txt,builtin_image_gen,,1,2026-09-20T08:58:03.485529+08:00,2026-09-20T09:00:59.647623+08:00
sw1-C-76,A459,A459,SW1-C,structures/sw1-C-76.png,renderings/sw1-C-76.png,prompts/author_prompt_v1.txt,builtin_image_gen,,1,2026-09-20T09:02:25.108962+08:00,2026-09-20T09:04:50.236015+08:00
sw2-A-76,A188,A188,SW2-A,structures/sw2-A-76.png,renderings/sw2-A-76.png,prompts/author_prompt_v1.txt,builtin_image_gen,,1,2026-09-20T09:02:26.857835+08:00,2026-09-20T09:04:52.270459+08:00
sw3-A-76,E10V2_A332,E10V2_A332,SW3-A,structures/sw3-A-76.png,renderings/sw3-A-76.png,prompts/author_prompt_v1.txt,builtin_image_gen,,1,2026-09-20T09:06:23.029920+08:00,2026-09-20T09:09:11.598914+08:00
sw3-B-76,A368,A368,SW3-B,structures/sw3-B-76.png,renderings/sw3-B-76.png,prompts/author_prompt_v1.txt,builtin_image_gen,,1,2026-09-20T09:06:25.185647+08:00,2026-09-20T09:09:13.612505+08:00
sw1-A-77,A089,A089,SW1-A,structures/sw1-A-77.png,renderings/sw1-A-77.png,prompts/author_prompt_v1.txt,builtin_image_gen,,1,2026-09-20T09:10:46.821129+08:00,2026-09-20T09:13:26.169119+08:00
sw1-B-77,A179,A179,SW1-B,structures/sw1-B-77.png,renderings/sw1-B-77.png,prompts/author_prompt_v1.txt,builtin_image_gen,,1,2026-09-20T09:10:48.640587+08:00,2026-09-20T09:13:28.181175+08:00
sw1-C-77,A477,A477,SW1-C,structures/sw1-C-77.png,renderings/sw1-C-77.png,prompts/author_prompt_v1.txt,builtin_image_gen,,1,2026-09-20T09:14:40.209593+08:00,2026-09-20T09:17:15.406397+08:00
sw2-A-77,A225,A225,SW2-A,structures/sw2-A-77.png,renderings/sw2-A-77.png,prompts/author_prompt_v1.txt,builtin_image_gen,,1,2026-09-20T09:14:41.977861+08:00,2026-09-20T09:17:17.494707+08:00
sw3-A-77,E10V2_A350,E10V2_A350,SW3-A,structures/sw3-A-77.png,renderings/sw3-A-77.png,prompts/author_prompt_v1.txt,builtin_image_gen,,1,2026-09-20T09:18:29.942918+08:00,2026-09-20T09:21:12.697676+08:00
sw3-B-77,A413,A413,SW3-B,structures/sw3-B-77.png,renderings/sw3-B-77.png,prompts/author_prompt_v1.txt,builtin_image_gen,,1,2026-09-20T09:18:31.731323+08:00,2026-09-20T09:21:14.740677+08:00
sw1-A-78,A045,A045,SW1-A,structures/sw1-A-78.png,renderings/sw1-A-78.png,prompts/author_prompt_v1.txt,builtin_image_gen,,1,2026-09-20T09:22:57.034495+08:00,2026-09-20T09:25:54.748318+08:00
sw1-B-78,A134,A134,SW1-B,structures/sw1-B-78.png,renderings/sw1-B-78.png,prompts/author_prompt_v1.txt,builtin_image_gen,,1,2026-09-20T09:22:58.826584+08:00,2026-09-20T09:25:56.861159+08:00
sw1-C-78,A494,A494,SW1-C,structures/sw1-C-78.png,renderings/sw1-C-78.png,prompts/author_prompt_v1.txt,builtin_image_gen,,1,2026-09-20T09:27:20.324255+08:00,2026-09-20T09:30:18.532637+08:00
sw2-A-78,E10V2_A206,E10V2_A206,SW2-A,structures/sw2-A-78.png,renderings/sw2-A-78.png,prompts/author_prompt_v1.txt,builtin_image_gen,,1,2026-09-20T09:27:22.126540+08:00,2026-09-20T09:30:20.659175+08:00
sw3-A-78,A315,A315,SW3-A,structures/sw3-A-78.png,renderings/sw3-A-78.png,prompts/author_prompt_v1.txt,builtin_image_gen,,1,2026-09-20T09:31:48.965125+08:00,2026-09-20T09:34:44.411550+08:00
sw3-B-78,A414,A414,SW3-B,structures/sw3-B-78.png,renderings/sw3-B-78.png,prompts/author_prompt_v1.txt,builtin_image_gen,,1,2026-09-20T09:31:51.121577+08:00,2026-09-20T09:34:46.606237+08:00
sw1-A-79,A090,A090,SW1-A,structures/sw1-A-79.png,renderings/sw1-A-79.png,prompts/author_prompt_v1.txt,builtin_image_gen,,1,2026-09-20T09:36:45.743836+08:00,2026-09-20T09:40:18.275449+08:00
sw1-B-79,A143,A143,SW1-B,structures/sw1-B-79.png,renderings/sw1-B-79.png,prompts/author_prompt_v1.txt,builtin_image_gen,,1,2026-09-20T09:36:47.470850+08:00,2026-09-20T09:40:20.372003+08:00
sw1-C-79,A540,A540,SW1-C,structures/sw1-C-79.png,renderings/sw1-C-79.png,prompts/author_prompt_v1.txt,builtin_image_gen,,1,2026-09-20T09:41:57.242624+08:00,2026-09-20T09:44:31.484956+08:00
sw2-A-79,E10V2_A251,E10V2_A251,SW2-A,structures/sw2-A-79.png,renderings/sw2-A-79.png,prompts/author_prompt_v1.txt,builtin_image_gen,,1,2026-09-20T09:41:59.073387+08:00,2026-09-20T09:44:33.573075+08:00
sw3-A-79,E10V2_A297,E10V2_A297,SW3-A,structures/sw3-A-79.png,renderings/sw3-A-79.png,prompts/author_prompt_v1.txt,builtin_image_gen,,1,2026-09-20T09:46:38.229397+08:00,2026-09-20T09:50:41.885538+08:00
sw3-B-79,A405,A405,SW3-B,structures/sw3-B-79.png,renderings/sw3-B-79.png,prompts/author_prompt_v1.txt,builtin_image_gen,,1,2026-09-20T09:46:40.025998+08:00,2026-09-20T09:50:43.969706+08:00
sw1-A-80,E10V2_A009,E10V2_A009,SW1-A,structures/sw1-A-80.png,renderings/sw1-A-80.png,prompts/author_prompt_v1.txt,builtin_image_gen,,1,2026-09-20T09:52:39.005237+08:00,2026-09-20T09:56:10.006477+08:00
sw1-B-80,A144,A144,SW1-B,structures/sw1-B-80.png,renderings/sw1-B-80.png,prompts/author_prompt_v1.txt,builtin_image_gen,,1,2026-09-20T09:52:40.879523+08:00,2026-09-20T09:56:12.139081+08:00
sw1-C-80,E10V2_A459,E10V2_A459,SW1-C,structures/sw1-C-80.png,renderings/sw1-C-80.png,prompts/author_prompt_v1.txt,builtin_image_gen,,1,2026-09-20T09:57:57.193692+08:00,2026-09-20T10:01:43.817589+08:00
sw2-A-80,A270,A270,SW2-A,structures/sw2-A-80.png,renderings/sw2-A-80.png,prompts/author_prompt_v1.txt,builtin_image_gen,,1,2026-09-20T09:57:59.001707+08:00,2026-09-20T10:01:45.913040+08:00
sw3-A-80,E10V2_A306,E10V2_A306,SW3-A,structures/sw3-A-80.png,renderings/sw3-A-80.png,prompts/author_prompt_v1.txt,builtin_image_gen,,1,2026-09-20T10:03:35.561230+08:00,2026-09-20T10:06:36.726864+08:00
sw3-B-80,E10V2_A378,E10V2_A378,SW3-B,structures/sw3-B-80.png,renderings/sw3-B-80.png,prompts/author_prompt_v1.txt,builtin_image_gen,,1,2026-09-20T10:03:37.434404+08:00,2026-09-20T10:06:38.789215+08:00
sw1-A-81,E10V2_A036,E10V2_A036,SW1-A,structures/sw1-A-81.png,renderings/sw1-A-81.png,prompts/author_prompt_v1.txt,builtin_image_gen,,1,2026-09-20T10:08:15.641865+08:00,2026-09-20T10:12:01.826547+08:00
sw1-B-81,E10V2_A126,E10V2_A126,SW1-B,structures/sw1-B-81.png,renderings/sw1-B-81.png,prompts/author_prompt_v1.txt,builtin_image_gen,,1,2026-09-20T10:08:17.536491+08:00,2026-09-20T10:12:03.959590+08:00
sw1-C-81,E10V2_A513,E10V2_A513,SW1-C,structures/sw1-C-81.png,renderings/sw1-C-81.png,prompts/author_prompt_v1.txt,builtin_image_gen,,1,2026-09-20T10:14:09.380150+08:00,2026-09-20T10:17:53.457448+08:00
sw2-A-81,E10V2_A198,E10V2_A198,SW2-A,structures/sw2-A-81.png,renderings/sw2-A-81.png,prompts/author_prompt_v1.txt,builtin_image_gen,,1,2026-09-20T10:14:11.286169+08:00,2026-09-20T10:17:55.711324+08:00
sw3-A-81,E10V2_A324,E10V2_A324,SW3-A,structures/sw3-A-81.png,renderings/sw3-A-81.png,prompts/author_prompt_v1.txt,builtin_image_gen,,1,2026-09-20T10:19:44.701741+08:00,2026-09-20T10:23:53.142717+08:00
sw3-B-81,E10V2_A387,E10V2_A387,SW3-B,structures/sw3-B-81.png,renderings/sw3-B-81.png,prompts/author_prompt_v1.txt,builtin_image_gen,,1,2026-09-20T10:19:46.602594+08:00,2026-09-20T10:23:55.381846+08:00
sw1-A-82,E10V2_A072,E10V2_A072,SW1-A,structures/sw1-A-82.png,renderings/sw1-A-82.png,prompts/author_prompt_v1.txt,builtin_image_gen,,1,2026-09-20T10:25:46.030212+08:00,2026-09-20T10:29:12.612847+08:00
sw1-B-82,E10V2_A135,E10V2_A135,SW1-B,structures/sw1-B-82.png,renderings/sw1-B-82.png,prompts/author_prompt_v1.txt,builtin_image_gen,,1,2026-09-20T10:25:47.909022+08:00,2026-09-20T10:29:14.737149+08:00
sw1-C-82,E10V2_A522,E10V2_A522,SW1-C,structures/sw1-C-82.png,renderings/sw1-C-82.png,prompts/author_prompt_v1.txt,builtin_image_gen,,1,2026-09-20T10:31:26.907776+08:00,2026-09-20T10:34:41.287516+08:00
sw2-A-82,E10V2_A243,E10V2_A243,SW2-A,structures/sw2-A-82.png,renderings/sw2-A-82.png,prompts/author_prompt_v1.txt,builtin_image_gen,,1,2026-09-20T10:31:28.801242+08:00,2026-09-20T10:34:43.596073+08:00
sw3-A-82,E10V2_A342,E10V2_A342,SW3-A,structures/sw3-A-82.png,renderings/sw3-A-82.png,prompts/author_prompt_v1.txt,builtin_image_gen,,1,2026-09-20T10:37:36.564388+08:00,2026-09-20T10:41:25.119086+08:00
sw3-B-82,E10V2_A405,E10V2_A405,SW3-B,structures/sw3-B-82.png,renderings/sw3-B-82.png,prompts/author_prompt_v1.txt,builtin_image_gen,,1,2026-09-20T10:37:38.524746+08:00,2026-09-20T10:41:27.364745+08:00
sw1-A-83,E10V2_A081,E10V2_A081,SW1-A,structures/sw1-A-83.png,renderings/sw1-A-83.png,prompts/author_prompt_v1.txt,builtin_image_gen,,1,2026-09-20T10:44:16.537772+08:00,2026-09-20T10:48:12.977799+08:00
sw1-B-83,E10V2_A153,E10V2_A153,SW1-B,structures/sw1-B-83.png,renderings/sw1-B-83.png,prompts/author_prompt_v1.txt,builtin_image_gen,,1,2026-09-20T10:44:18.401890+08:00,2026-09-20T10:48:15.174320+08:00
sw1-C-83,E10V2_A531,E10V2_A531,SW1-C,structures/sw1-C-83.png,renderings/sw1-C-83.png,prompts/author_prompt_v1.txt,builtin_image_gen,,1,2026-09-20T10:50:34.005835+08:00,2026-09-20T10:56:59.613306+08:00
sw2-A-83,E10V2_A261,E10V2_A261,SW2-A,structures/sw2-A-83.png,renderings/sw2-A-83.png,prompts/author_prompt_v1.txt,builtin_image_gen,,1,2026-09-20T10:50:35.971980+08:00,2026-09-20T10:57:01.725644+08:00
sw3-A-83,E10V2_A360,E10V2_A360,SW3-A,structures/sw3-A-83.png,renderings/sw3-A-83.png,prompts/author_prompt_v1.txt,builtin_image_gen,,1,2026-09-20T10:57:30.266107+08:00,2026-09-20T10:59:33.310300+08:00
sw3-B-83,E10V2_A423,E10V2_A423,SW3-B,structures/sw3-B-83.png,renderings/sw3-B-83.png,prompts/author_prompt_v1.txt,builtin_image_gen,,1,2026-09-20T10:57:32.089671+08:00,2026-09-20T10:59:35.488346+08:00
sw1-A-84,E10V2_A090,E10V2_A090,SW1-A,structures/sw1-A-84.png,renderings/sw1-A-84.png,prompts/author_prompt_v1.txt,builtin_image_gen,,1,2026-09-20T11:00:04.822031+08:00,2026-09-20T11:02:24.482612+08:00
sw1-B-84,E10V2_A180,E10V2_A180,SW1-B,structures/sw1-B-84.png,renderings/sw1-B-84.png,prompts/author_prompt_v1.txt,builtin_image_gen,,1,2026-09-20T11:00:07.172101+08:00,2026-09-20T11:02:26.666747+08:00
